<?xml version="1.0"?>
<!DOCTYPE hibernate-mapping PUBLIC
        "-//Hibernate/Hibernate Mapping DTD 3.0//EN"
        "http://www.hibernate.org/dtd/hibernate-mapping-3.0.dtd"
        >

<hibernate-mapping package="com.gamedo.gameServer.entity.shop">
    <class name="PlayerItemShop" table="playerItemShop" dynamic-insert="true" dynamic-update="true">
        <id name="id" column="id">
            <generator class="native"/>
        </id>
        <property name="playerId" type="int"/>
        <property name="shopItemId" type="int"/>
        <property name="buyCounts" type="int"/>
    </class>
	
</hibernate-mapping>