<?xml version="1.0"?>
<!DOCTYPE hibernate-mapping PUBLIC
        "-//Hibernate/Hibernate Mapping DTD 3.0//EN"
        "http://www.hibernate.org/dtd/hibernate-mapping-3.0.dtd"
        >

<hibernate-mapping package="com.gamedo.gameServer.entity.girl">
    <class name="GirlUseRecord" table="girlUseRecord" dynamic-insert="true" dynamic-update="true">
        <id name="id" column="id">
            <generator class="native"/>
        </id>
        <property name="week" type="int"/>
        <property name="girlId" type="int"/>
        <property name="useCounts" type="int"/>
    </class>
	
</hibernate-mapping>