<?xml version='1.0' encoding='UTF-8'?>
<!DOCTYPE hibernate-configuration PUBLIC
          "-//Hibernate/Hibernate Configuration DTD 3.0//EN"
          "http://hibernate.sourceforge.net/hibernate-configuration-3.0.dtd">

<hibernate-configuration>

	<session-factory>
		<property name="connection.url">jdbc:mysql://127.0.0.1/ipoc_account?useUnicode=true&amp;characterEncoding=UTF8</property>
		<property name="connection.username">root</property>
		<property name="connection.password">gamedoipoc</property>
		<property name="dialect">org.hibernate.dialect.MySQLDialect</property>
		<property name="connection.driver_class">com.mysql.jdbc.Driver</property>
		<property name="hibernate.connection.provider_class">org.hibernate.connection.C3P0ConnectionProvider</property>
		<!-- 最大连接数 -->
		<property name="hibernate.c3p0.max_size">5</property>
		<!-- 最小连接数 -->
		<property name="hibernate.c3p0.min_size">1</property>
		<!-- 获得连接的超时时间,如果超过这个时间,会抛出异常，单位毫秒 -->
		<property name="hibernate.c3p0.timeout">120</property>
		<!-- 最大的PreparedStatement的数量 -->
		<property name="hibernate.c3p0.max_statements">100</property>
		<!-- 每隔120秒检查连接池里的空闲连接 ，单位是秒 -->
		<property name="hibernate.c3p0.idle_test_period">120</property>
		<!-- 当连接池里面的连接用完的时候，C3P0一下获取的新的连接数 -->
		<property name="hibernate.c3p0.acquire_increment">1</property>
		<!-- 每次都验证连接是否可用 -->
		<property name="hibernate.c3p0.validate">true</property>
		<!--定义在从数据库获取新连接失败后重复尝试的次数。Default: 30 -->
		<property name="hibernate.c3p0.acquireRetryAttempts">3</property>
		<!--两次连接中间隔时间，单位毫秒。Default: 1000 -->
		<property name="hibernate.c3p0.acquireRetryDelay">2000</property>
		<property name="hibernate.c3p0.breakAfterAcquireFailure">false</property>
		<property name="current_session_context_class">thread</property>
		<property name="show_sql">false</property>
		<property name="hibernate.generate_statistics">true</property>
		<property name="hbm2ddl.auto">update</property>
		
		<mapping resource="com/gamedo/loginServer/mapper/Account.hbm.xml"/>
	</session-factory>

</hibernate-configuration>