<?xml version="1.0" encoding="UTF-8"?>
<beans xmlns="http://www.springframework.org/schema/beans"
	xmlns:xsi="http://www.w3.org/2001/XMLSchema-instance" xmlns:aop="http://www.springframework.org/schema/aop"
	xmlns:tx="http://www.springframework.org/schema/tx" xmlns:jdbc="http://www.springframework.org/schema/jdbc"
	xmlns:context="http://www.springframework.org/schema/context"
	xsi:schemaLocation="       
      http://www.springframework.org/schema/context http://www.springframework.org/schema/context/spring-context-3.0.xsd       
      http://www.springframework.org/schema/beans http://www.springframework.org/schema/beans/spring-beans-3.0.xsd       
      http://www.springframework.org/schema/jdbc http://www.springframework.org/schema/jdbc/spring-jdbc-3.0.xsd       
      http://www.springframework.org/schema/tx http://www.springframework.org/schema/tx/spring-tx-3.0.xsd       
      http://www.springframework.org/schema/aop http://www.springframework.org/schema/aop/spring-aop-3.0.xsd">
	
	<bean id="log.dataSource"  class="org.springframework.jndi.JndiObjectFactoryBean"  >
		<property name="jndiName">
	    	<value>log.dataSource</value>
		</property>
	</bean>


	<!-- ibatis配置 -->
	<bean id="log.sqlMapClient" class="org.springframework.orm.ibatis.SqlMapClientFactoryBean">
		<property name="configLocation"
			value="classpath:config/db/ibatis/log-sqlmap-config.xml" />
		<property name="dataSource" ref="log.dataSource" />
	</bean>
	<!-- 结束 -->

	<bean id="log.transactionManager"
		class="org.springframework.jdbc.datasource.DataSourceTransactionManager">
		<property name="dataSource" ref="log.dataSource" />
	</bean>

	<!-- enable transaction demarcation with annotations -->
	<tx:annotation-driven />

	<!-- DAO配置 -->
	<bean id="logDAO" class="com.gamebean.football.logmanage.persistence.LogDAO">
		<property name="sqlMapClient" ref="log.sqlMapClient" />
	</bean>
	<!-- 结束 -->
</beans>  