<?xml version="1.0"?>
<!DOCTYPE hibernate-mapping PUBLIC
        "-//Hibernate/Hibernate Mapping DTD 3.0//EN"
        "http://www.hibernate.org/dtd/hibernate-mapping-3.0.dtd"
        >

<hibernate-mapping package="com.gamedo.gameServer.entity.quest">
    <class name="PlayerQuest" table="playerQuest" dynamic-insert="true" dynamic-update="true">
        <id name="id" column="id">
            <generator class="native"/>
        </id>
        <property name="playerId" type="int"/>
        <property name="chapterId" type="int"/>
        <property name="questId" type="int"/>
        <property name="score" type="int"/>
        <property name="scoreLevel" type="int"/>
        <property name="state" type="int"/>
        <property name="lastClothIdsStr" type="string"/>
        <property name="maxScoreClothIdsStr" type="string"/>
        <property name="perfectRewarded" type="int"/>
        <property name="firstSuccessRewarded" type="int"/>
    </class>
	
</hibernate-mapping>