<?xml version="1.0"?>
<!DOCTYPE hibernate-mapping PUBLIC
        "-//Hibernate/Hibernate Mapping DTD 3.0//EN"
        "http://www.hibernate.org/dtd/hibernate-mapping-3.0.dtd"
        >

<hibernate-mapping package="com.gamedo.gameServer.activity">
    <class name="Activity" table="activity" dynamic-insert="true" dynamic-update="true">
        <id name="id" column="id">
            <generator class="native"/>
        </id>
        <property name="title" type="string"/>
        <property name="description" type="string"/>
        <property name="implClass" type="string"/>
        <property name="broadcastStartTime" type="timestamp"/>
        <property name="broadcastEndTime" type="timestamp"/>
        <property name="startTime" type="timestamp"/>
        <property name="endTime" type="timestamp"/>
    </class>
	
</hibernate-mapping>