<?xml version="1.0"?>
<!DOCTYPE hibernate-mapping PUBLIC
        "-//Hibernate/Hibernate Mapping DTD 3.0//EN"
        "http://www.hibernate.org/dtd/hibernate-mapping-3.0.dtd"
        >

<hibernate-mapping package="com.gamedo.gameServer.entity.activity.loginReward">
    <class name="LoginRewardRecord" table="loginRewardRecord" dynamic-insert="true" dynamic-update="true">
        <id name="id" column="id">
            <generator class="native"/>
        </id>
        <property name="activityId" type="int"/>
        <property name="playerId" type="int"/>
        <property name="day" type="int"/>
        <property name="state" type="int"/>
    </class>
	
</hibernate-mapping>