<?xml version="1.0" encoding="UTF-8"?>
<beans xmlns="http://www.springframework.org/schema/beans"
       xmlns:xsi="http://www.w3.org/2001/XMLSchema-instance"
       xmlns:mvc="http://www.springframework.org/schema/mvc"
       xsi:schemaLocation="
       http://www.springframework.org/schema/beans
       http://www.springframework.org/schema/beans/spring-beans-3.1.xsd
       http://www.springframework.org/schema/mvc
       http://www.springframework.org/schema/mvc/spring-mvc-3.1.xsd">

    <!-- Configures the @Controller programming model -->
    <mvc:annotation-driven />

    <!-- Forwards requests to the "/" resource to the "welcome" view -->
    <mvc:view-controller path="/" view-name="index/entry"/>

    <!-- Resolves view names to protected .jsp resources within the /WEB-INF/views directory -->
    <bean class="org.springframework.web.servlet.view.InternalResourceViewResolver">
        <property name="prefix" value="/WEB-INF/views/"/>
        <property name="suffix" value=".jsp"/>
    </bean>
    <!--拦截所有游戏内容级的页面，以实现逻辑的插入-->
    <mvc:interceptors>
        <mvc:interceptor>
            <mvc:mapping path="/game/**"/>
            <bean class="com.gamebean.football.web.base.filter.GameInterceptor" >
 				<property name="roleService" ref="roleService"/>
            </bean>
        </mvc:interceptor>
        
  
    </mvc:interceptors>
</beans>
