<?xml version="1.0"?>
<!DOCTYPE hibernate-mapping PUBLIC
        "-//Hibernate/Hibernate Mapping DTD 3.0//EN"
        "http://www.hibernate.org/dtd/hibernate-mapping-3.0.dtd"
        >

<hibernate-mapping package="com.gamedo.gameServer.entity.dailymission">
    <class name="PlayerDailyMission" table="playerdailmission" dynamic-insert="true" dynamic-update="true">
        <id name="id" column="id">
            <generator class="native"/>
        </id>
        <property name="playerId" type="int"/>
        <property name="missionDefineId" type="int"/>
        <property name="missionCategoryId" type="int"/>
        <property name="missionProperty" type="int"/>
        <property name="missionDetail" type="int"/>
        <property name="status" type="int"/>
        <property name="createTime" type="timestamp"/>
        <property name="finishTime" type="timestamp"/>
    </class>
	
</hibernate-mapping>