<?xml version="1.0" encoding="UTF-8"?>
<beans xmlns="http://www.springframework.org/schema/beans"
	xmlns:xsi="http://www.w3.org/2001/XMLSchema-instance" xmlns:jee="http://www.springframework.org/schema/jee"
	xmlns:tx="http://www.springframework.org/schema/tx" xmlns:context="http://www.springframework.org/schema/context"
	xmlns:mvc="http://www.springframework.org/schema/mvc" xmlns:task="http://www.springframework.org/schema/task"
	xsi:schemaLocation="
       http://www.springframework.org/schema/beans
       http://www.springframework.org/schema/beans/spring-beans-3.1.xsd
       http://www.springframework.org/schema/tx
       http://www.springframework.org/schema/tx/spring-tx-3.1.xsd
       http://www.springframework.org/schema/jee
       http://www.springframework.org/schema/jee/spring-jee-3.1.xsd
       http://www.springframework.org/schema/context
       http://www.springframework.org/schema/context/spring-context-3.1.xsd
       http://www.springframework.org/schema/task   
       http://www.springframework.org/schema/task/spring-task-3.0.xsd "

	default-lazy-init="false">

	<context:mbean-export />
	<context:component-scan base-package="com.gamebean" />
	<!-- 持久层配置 -->
	<import resource="db/ibatis/log_application.xml" />
	<import resource="db/spring/data_application.xml" />
	<import resource="db/spring/role_application.xml" />
	<import resource="db/spring/config_application.xml" />
	<import resource="db/spring/contest_data_application.xml" />
	<import resource="db/spring/contest_application.xml" />
	<import resource="db/spring/activity_service_application.xml" />
	<import resource="db/spring/activities_application.xml" />
	<import resource="db/spring/charge_application.xml" />
	<import resource="db/spring/matchReport_application.xml" />
	<import resource="db/spring/announcement_application.xml" />
	<import resource="db/spring/betGuessRank_record_application.xml" />
	<import resource="db/spring/combine_area_application.xml" />
	<import resource="db/spring/wo_business_application.xml" />
	
	<!-- 应用层配置 -->
	<import resource="app/app.xml" />
	<import resource="web/mvc-config.xml" />
	<!-- 下面这个最后启动 -->
	<bean id="gameInitService" class="com.gamebean.football.service.GameInitService" />
	<!-- 注解驱动定时器开关 开始 -->
	<task:annotation-driven executor="executorWithPoolSizeRange"
		scheduler="annotationScheduler" />
	<task:executor id="executorWithPoolSizeRange" pool-size="2-25"
		queue-capacity="2" />
	<task:scheduler id="annotationScheduler" pool-size="2" />
	<!-- 定时器开关 结束 -->

	<!-- -->
	<bean
		class="com.gamebean.football.constants.variable.support.VariableScannerConfigure">
		<property name="basePackage" value="com.gamebean" />
	</bean>
	<!-- -->
	<!-- 网络层配置 -->
	<import resource="net/net.xml" />

	<!-- 扩展配置 -->
	<import resource="classpath*:config/db/spring/*_application.xml" />
	<import resource="classpath*:config/*_application.xml" />
</beans>
