[{"aiSN":1,"atk":50,"backDownProp":0.6,"backDownTime":2000,"backProp":0.4,"backTime":300,"collisionRadius":0,"def":5,"dodge":80,"exp":5,"hit":80,"hpMax":500,"level":1,"mass":30,"mpMax":1000,"name":"天蝎兵团·前锋","num":1,"sn":100001,"speed":5,"talkSn":"[我是谁;我也不知道;我是西瓜啊，大傻逼]","trigger":"111","type":1},{"aiSN":1,"atk":57,"backDownProp":0.6,"backDownTime":2000,"backProp":0.4,"backTime":300,"collisionRadius":0,"def":6,"dodge":88,"exp":5,"hit":88,"hpMax":500,"level":3,"mass":40,"mpMax":1100,"name":"天蝎兵团·突袭者","num":1,"sn":100002,"speed":5,"talkSn":"[今天必须吃必胜客;周杰伦的演唱会;我想打麻将了]","trigger":"111","type":1}]