[{"attackMove":true,"comboCount":"0","effectSn":1110001,"impulse":50,"level":1,"logicSn":1,"param1":"0.299999999999999988897769753748434595763683319091796875","param2":"","param3":"","param4":"","param5":"","param6":"","param7":"","param8":"","period":1,"scopeParam1":3,"scopeParam2":90,"scopeType":3,"sn":1,"targetFriend":-1,"targetNum":1,"targetSelf":false,"triggerPct":1},{"attackMove":true,"comboCount":"1","effectSn":1110002,"impulse":60,"level":1,"logicSn":1,"param1":"0.40000000000000002220446049250313080847263336181640625","param2":"","param3":"","param4":"","param5":"","param6":"","param7":"","param8":"","period":1,"scopeParam1":3,"scopeParam2":90,"scopeType":3,"sn":2,"targetFriend":-1,"targetNum":1,"targetSelf":false,"triggerPct":1},{"attackMove":true,"comboCount":"2","effectSn":1110003,"impulse":70,"level":1,"logicSn":1,"param1":"0.5","param2":"","param3":"","param4":"","param5":"","param6":"","param7":"","param8":"","period":1,"scopeParam1":3,"scopeParam2":45,"scopeType":3,"sn":3,"targetFriend":-1,"targetNum":1,"targetSelf":false,"triggerPct":1},{"attackMove":false,"comboCount":"0","effectSn":1120001,"impulse":350,"level":1,"logicSn":1,"param1":"0.59999999999999997779553950749686919152736663818359375","param2":"","param3":"","param4":"","param5":"","param6":"","param7":"","param8":"","period":1,"scopeParam1":5,"scopeParam2":360,"scopeType":3,"sn":4,"targetFriend":-1,"targetNum":10,"targetSelf":false,"triggerPct":1},{"attackMove":false,"comboCount":"0","effectSn":1120010,"impulse":0,"level":1,"logicSn":2,"param1":"10000","param2":"","param3":"","param4":"","param5":"","param6":"","param7":"","param8":"","period":0,"scopeParam1":0,"scopeParam2":0,"scopeType":1,"sn":5,"targetFriend":1,"targetNum":0,"targetSelf":true,"triggerPct":1},{"attackMove":false,"comboCount":"0","effectSn":1111000,"impulse":0,"level":1,"logicSn":3,"param1":"10000","param2":"","param3":"","param4":"","param5":"","param6":"","param7":"","param8":"","period":0,"scopeParam1":5,"scopeParam2":45,"scopeType":3,"sn":6,"targetFriend":-1,"targetNum":0,"targetSelf":true,"triggerPct":1},{"attackMove":false,"comboCount":"0","effectSn":1140010,"impulse":0,"level":1,"logicSn":2,"param1":"10001","param2":"","param3":"","param4":"","param5":"","param6":"","param7":"","param8":"","period":0,"scopeParam1":5,"scopeParam2":45,"scopeType":3,"sn":7,"targetFriend":1,"targetNum":2,"targetSelf":true,"triggerPct":1},{"attackMove":true,"comboCount":"0","effectSn":1140001,"impulse":150,"level":1,"logicSn":1,"param1":"0.8000000000000000444089209850062616169452667236328125","param2":"","param3":"","param4":"","param5":"","param6":"","param7":"","param8":"","period":1,"scopeParam1":5,"scopeParam2":45,"scopeType":3,"sn":8,"targetFriend":-1,"targetNum":10,"targetSelf":false,"triggerPct":1},{"attackMove":true,"comboCount":"0","effectSn":1150001,"impulse":500,"level":1,"logicSn":1,"param1":"0.6999999999999999555910790149937383830547332763671875","param2":"","param3":"","param4":"","param5":"","param6":"","param7":"","param8":"","period":1,"scopeParam1":3,"scopeParam2":15,"scopeType":5,"sn":9,"targetFriend":-1,"targetNum":10,"targetSelf":false,"triggerPct":1},{"attackMove":true,"comboCount":"0","effectSn":1160001,"impulse":50,"level":1,"logicSn":1,"param1":"0.299999999999999988897769753748434595763683319091796875","param2":"","param3":"","param4":"","param5":"","param6":"","param7":"","param8":"","period":1,"scopeParam1":1,"scopeParam2":45,"scopeType":1,"sn":10,"targetFriend":-1,"targetNum":1,"targetSelf":false,"triggerPct":1}]