[{"active":true,"casting":0,"clickType":2,"combo":3,"coolTime":500,"effects":"[1110001,1110002,1110003]","hit":false,"rangeMax":5,"rangeMin":0,"shakeBack":0,"shakeFront":1,"sn":111000,"type":3},{"active":true,"casting":0,"clickType":2,"combo":0,"coolTime":1000,"effects":"[1120001,1120010]","hit":false,"rangeMax":100,"rangeMin":0,"shakeBack":0,"shakeFront":1100,"sn":112000,"type":2},{"active":true,"casting":0,"clickType":1,"combo":0,"coolTime":800,"effects":"[1160001]","hit":false,"rangeMax":100,"rangeMin":0,"shakeBack":0,"shakeFront":400,"sn":113000,"type":3},{"active":true,"casting":0,"clickType":2,"combo":0,"coolTime":1000,"effects":"[1140010,1140001,1111000]","hit":false,"rangeMax":100,"rangeMin":0,"shakeBack":0,"shakeFront":1000,"sn":114000,"type":2},{"active":true,"casting":0,"clickType":2,"combo":0,"coolTime":1000,"effects":"[1150001]","hit":false,"rangeMax":100,"rangeMin":0,"shakeBack":0,"shakeFront":200,"sn":115000,"type":2}]