[{"mapSn":10000,"monster1Prop":100,"monster1Sn":100001,"monster2Prop":0,"monster2Sn":0,"monster3Prop":0,"monster3Sn":0,"monster4Prop":0,"monster4Sn":0,"monsterNum":4,"posID":10000001,"posParam1":3,"posParam2":0,"posParam3":0,"posType":1,"posX":52,"posY":38,"posZ":27,"refreshType":1,"sn":1},{"mapSn":10000,"monster1Prop":100,"monster1Sn":100001,"monster2Prop":0,"monster2Sn":0,"monster3Prop":0,"monster3Sn":0,"monster4Prop":0,"monster4Sn":0,"monsterNum":4,"posID":10000002,"posParam1":3,"posParam2":0,"posParam3":0,"posType":1,"posX":68,"posY":77,"posZ":26,"refreshType":1,"sn":2},{"mapSn":10000,"monster1Prop":100,"monster1Sn":100001,"monster2Prop":0,"monster2Sn":0,"monster3Prop":0,"monster3Sn":0,"monster4Prop":0,"monster4Sn":0,"monsterNum":4,"posID":10000003,"posParam1":1.5,"posParam2":0,"posParam3":0,"posType":1,"posX":106,"posY":45,"posZ":24,"refreshType":1,"sn":3}]