[{"base":190,"factor":10,"profession":1,"prop":"str","sn":1},{"base":190,"factor":10,"profession":1,"prop":"dex","sn":2},{"base":190,"factor":10,"profession":1,"prop":"con","sn":3},{"base":190,"factor":10,"profession":1,"prop":"inte","sn":4},{"base":190,"factor":10,"profession":2,"prop":"str","sn":5},{"base":190,"factor":10,"profession":2,"prop":"dex","sn":6},{"base":190,"factor":10,"profession":2,"prop":"con","sn":7},{"base":190,"factor":10,"profession":2,"prop":"inte","sn":8},{"base":190,"factor":10,"profession":3,"prop":"str","sn":9},{"base":190,"factor":10,"profession":3,"prop":"dex","sn":10},{"base":190,"factor":10,"profession":3,"prop":"con","sn":11},{"base":190,"factor":10,"profession":3,"prop":"inte","sn":12}]