<?xml version="1.0" encoding="UTF-8"?>
<!DOCTYPE log4j:configuration PUBLIC "-//LOGGER" "log4j.dtd">

<log4j:configuration xmlns:log4j="http://jakarta.apache.org/log4j/"
	debug="false">

	<!-- Appenders -->
	<appender name="jmsRecord" class="com.gamebean.toolkit.jms.hornetq.JmsAppender">
		<param name="jmsFactoryJndiName" value="jms.log" />
		<param name="topic" value="system.log" />
		<param name="maxActive" value="10" />
		<param name="maxQueueLength" value="100000" />
		<param name="trackLevel" value="ERROR" />
		<filter class="org.apache.log4j.varia.LevelRangeFilter">
			<param name="LevelMax" value="ERROR" />
			<param name="LevelMin" value="WARN" />
		</filter>
	</appender>
	<appender name="console-std" class="org.apache.log4j.ConsoleAppender">
		<param name="Target" value="System.out" />
		<layout class="org.apache.log4j.PatternLayout">
			<param name="ConversionPattern" value="%d{yyyy-MM-dd HH:mm:ss} [%-5p] %c (%F:%L) - %m%n" />
		</layout>
		<filter class="org.apache.log4j.varia.LevelRangeFilter">
			<param name="LevelMax" value="INFO" />
			<param name="LevelMin" value="DEBUG" />
		</filter>
	</appender>

	<appender name="console-err" class="org.apache.log4j.ConsoleAppender">
		<param name="Target" value="System.err" />
		<layout class="org.apache.log4j.PatternLayout">
			<param name="ConversionPattern" value="%d{yyyy-MM-dd HH:mm:ss} [%-5p] %c (%F:%L) - %m%n" />

		</layout>
		<filter class="org.apache.log4j.varia.LevelRangeFilter">
			<param name="LevelMax" value="ERROR" />
			<param name="LevelMin" value="WARN" />
		</filter>
	</appender>

	<appender name="errorRecord" class="org.apache.log4j.DailyRollingFileAppender">
		<param name="File" value="footballLog/error.log" />
		<param name="DatePattern" value="'.'yyyy-MM-dd" />
		<param name="Append" value="true" />
		<param name="Threshold" value="WARN" />
		<layout class="org.apache.log4j.PatternLayout">
			<param name="ConversionPattern" value="%d{yyyy-MM-dd HH:mm:ss} [%-5p] %c (%F:%L) - %m%n" />
		</layout>
		<!--日志过滤门槛，记录error以上级别日志 -->
	</appender>

	<appender name="infoRecord" class="org.apache.log4j.DailyRollingFileAppender">
		<param name="File" value="footballLog/info.log" />
		<param name="DatePattern" value="'.'yyyy-MM-dd-HH" />
		<param name="Append" value="true" />
		<layout class="org.apache.log4j.PatternLayout">
			<param name="ConversionPattern" value="%d{yyyy-MM-dd HH:mm:ss} [%-5p] %c (%F:%L) - %m%n" />
		</layout>
		<filter class="org.apache.log4j.varia.LevelRangeFilter">
			<param name="LevelMax" value="ERROR" />
			<param name="LevelMin" value="INFO" />
		</filter>
	</appender>

	<appender name="allRecord" class="org.apache.log4j.DailyRollingFileAppender">
		<param name="File" value="footballLog/debug.log" />
		<param name="DatePattern" value="'.'yyyy-MM-dd-HH" />
		<param name="Append" value="true" />
		<layout class="org.apache.log4j.PatternLayout">
			<param name="ConversionPattern" value="%d{yyyy-MM-dd HH:mm:ss} [%-5p] %c (%F:%L) - %m%n" />
		</layout>
	</appender>

	<!-- 3rdparty Loggers -->
	<logger name="org.springframework">
		<level value="warn" />
	</logger>
	<logger name="org.hibernate">
		<level value="warn" />
	</logger>
	<logger name="org.apache.commons">
		<level value="warn" />
	</logger>
	<logger name="org.apache.mina">
		<level value="warn" />
	</logger>
	<logger name="org.apache.http">
		<level value="warn" />
	</logger>
	<logger name="org.quartz">
		<level value="warn" />
	</logger>
	<logger name="com.mchange.v2">
		<level value="warn" />
	</logger>

	<logger name="org.mybatis.spring">
		<level value="ERROR" />
	</logger>

	<logger name="com.gamebean.football.mapper">
		<level value="warn" />
	</logger>

	<logger name="java.sql">
		<level value="warn" />
	</logger>

	<logger name="org.springframework.orm">
		<level value="warn" />
	</logger>

	<logger name="org.springframework.jdbc">
		<level value="warn" />
	</logger>
	<!-- <logger name="com.gamebean.football.timer"> <level value="warn" /> 
		</logger> -->

	<!-- 业务服务器同客户端之间的日志 -->
	<logger name="com.gamebean.gamecore.net">
		<level value="ERROR" />
	</logger>

	<logger name="com.gamebean.gamecore.net.codec">
		<level value="ERROR" />
	</logger>

	<!-- 业务服务器同网关之间的日志 -->
	<logger name="com.gamebean.levin">
		<level value="WARN" />
	</logger>

	<logger name="org.hornetq">
		<level value="warn" />
	</logger>
	<logger name="org.apache.mina">
		<level value="error" />
	</logger>
	<logger name="org.jboss">
		<level value="warn" />
	</logger>
	<logger
		name="com.gamebean.football.constants.variable.support.VariableScannerConfigure">
		<level value="error" />
	</logger>
	<logger name="com.gamebean.football.timer.taskservice.db.TaskInfoMapper">
		<level value="error" />
	</logger>
	<logger name="org.apache.ibatis">
		<level value="error" />
	</logger>
	<logger name="com.gamebean.football.logmanage.persistence">
		<level value="error" />
	</logger>
	<logger name="com.gamebean.toolkit.jms.hornetq.commandhandler.divert">
		<level value="WARN" />
	</logger>
	<logger name="com.gamebean.toolkit.database.tomcat.interceptor.exceptionlog">
		<level value="WARN" />
	</logger>
	<logger name="com.gamebean">
		<level value="ALL" />
	</logger>


	<!-- Root Logger -->
	<root>
		<!--  <level value="INFO" />
		-->	
		<appender-ref ref="console-std" />
		<appender-ref ref="console-err" /> 
		<appender-ref ref="jmsRecord" />
		<appender-ref ref="allRecord" />
		<appender-ref ref="errorRecord" />
		<appender-ref ref="infoRecord" />

	</root>

</log4j:configuration>
