[{"conversionRatio1":0.6,"conversionRatio2":0.4,"conversionRatio3":0,"conversionRatio4":0,"conversionType1":"str","conversionType2":"inte","conversionType3":"","conversionType4":"","name":"攻击","sn":1,"type":"atk"},{"conversionRatio1":0.5,"conversionRatio2":0,"conversionRatio3":0,"conversionRatio4":0,"conversionType1":"dex","conversionType2":"","conversionType3":"","conversionType4":"","name":"防御","sn":2,"type":"def"},{"conversionRatio1":10,"conversionRatio2":0,"conversionRatio3":0,"conversionRatio4":0,"conversionType1":"con","conversionType2":"","conversionType3":"","conversionType4":"","name":"生命","sn":3,"type":"hpMax"},{"conversionRatio1":5,"conversionRatio2":0,"conversionRatio3":0,"conversionRatio4":0,"conversionType1":"inte","conversionType2":"","conversionType3":"","conversionType4":"","name":"法力","sn":4,"type":"mpMax"},{"conversionRatio1":0.5,"conversionRatio2":0,"conversionRatio3":0,"conversionRatio4":0,"conversionType1":"dex","conversionType2":"","conversionType3":"","conversionType4":"","name":"命中","sn":5,"type":"hit"},{"conversionRatio1":0.5,"conversionRatio2":0,"conversionRatio3":0,"conversionRatio4":0,"conversionType1":"str","conversionType2":"","conversionType3":"","conversionType4":"","name":"闪避","sn":6,"type":"dodge"},{"conversionRatio1":0.5,"conversionRatio2":0,"conversionRatio3":0,"conversionRatio4":0,"conversionType1":"con","conversionType2":"","conversionType3":"","conversionType4":"","name":"暴击","sn":7,"type":"crit"},{"conversionRatio1":0.5,"conversionRatio2":0,"conversionRatio3":0,"conversionRatio4":0,"conversionType1":"inte","conversionType2":"","conversionType3":"","conversionType4":"","name":"坚韧","sn":8,"type":"tough"}]