<beans xmlns="http://www.springframework.org/schema/beans"
	xmlns:security="http://www.springframework.org/schema/security"
	xmlns:util="http://www.springframework.org/schema/util" xmlns:xsi="http://www.w3.org/2001/XMLSchema-instance"
	xsi:schemaLocation="http://www.springframework.org/schema/beans
http://www.springframework.org/schema/beans/spring-beans-3.2.xsd
http://www.springframework.org/schema/util
http://www.springframework.org/schema/util/spring-util-3.2.xsd
http://www.springframework.org/schema/security
http://www.springframework.org/schema/security/spring-security-3.2.xsd">
	<!-- 打开pre-post-annotations="enabled"才能在service中使用@PreAuthorize("!hasRole('ROLE_USER')")注解 -->
	<!-- secured-annotations="enabled" access-decision-manager-ref="aclDecisionManager" 
		ACL启用注解 并引用一个自定义的访问决策管理器 <security:expression-handler ref="expressionHandler" 
		/> -->
	<security:global-method-security
		pre-post-annotations="enabled">
		<security:expression-handler ref="expressionHandler" />
	</security:global-method-security>
	<security:http auto-config="true" disable-url-rewriting="true"
		use-expressions="true">
		<security:form-login login-page="/signin"
			authentication-failure-url="/signin?error=1" />
		<security:logout logout-url="/logout" />
		<security:remember-me services-ref="rememberMeServices"
			key="remember-me-key" />
		<security:intercept-url pattern="/" access="permitAll" />
		<security:intercept-url pattern="/favicon.ico"
			access="permitAll" />
		<security:intercept-url pattern="/resources/**"
			access="permitAll" />
		<security:intercept-url pattern="/webjars/**"
			access="permitAll" />
		<security:intercept-url pattern="/signin"
			access="permitAll" />
		<security:intercept-url pattern="/signup"
			access="permitAll" />
		<security:intercept-url pattern="/generalError"
			access="permitAll" />
		<!-- access="isAuthenticated() and hasIpAddress('127.0.0.1')" 用于过滤ip -->
		<security:intercept-url pattern="/**"
			access="isAuthenticated()" />
		<!-- session 并发控制, 确保一个用户不能同时拥有超过一个固定数量的活跃 session -->
		<security:session-management>
			<security:concurrency-control
				max-sessions="10" expired-url="/" />
		</security:session-management>
		<!-- 配置Access Denied 因为是特殊exception -->
		<security:access-denied-handler
			error-page="/generalError" />

	</security:http>

	<security:authentication-manager
		erase-credentials="true">
		<security:authentication-provider
			user-service-ref="userService">
			<security:password-encoder ref="passwordEncoder" />
		</security:authentication-provider>
	</security:authentication-manager>

	<!-- ========= ACL SERVICE DEFINITIONS ========= -->
	<bean class="org.springframework.security.access.vote.AffirmativeBased"
		id="aclDecisionManager">
		<property name="decisionVoters">
			<list>
				<ref bean="categoryReadVoter" />
			</list>
		</property>
	</bean>

	<bean class="org.springframework.security.acls.AclEntryVoter" id="categoryReadVoter">
		<constructor-arg ref="aclService" />
		<constructor-arg value="VOTE_CATEGORY_READ" />
		<constructor-arg>
			<array>
				<util:constant
					static-field="org.springframework.security.acls.domain.BasePermission.READ" />
			</array>
		</constructor-arg>
		<property name="processDomainObjectClass"
			value="net.gamedo.server.paradise.acl.ACLObjectIdentity" />
	</bean>

	<bean id="lookupStrategy"
		class="org.springframework.security.acls.jdbc.BasicLookupStrategy">
		<constructor-arg ref="primaryDataSource" />
		<constructor-arg ref="aclCache" />
		<constructor-arg ref="aclAuthzStrategy">
		</constructor-arg>
		<constructor-arg>
			<bean class="org.springframework.security.acls.domain.ConsoleAuditLogger" />
		</constructor-arg>
	</bean>

	<bean class="net.gamedo.server.paradise.acl.NullAclCache" id="aclCache" />

	<bean
		class="org.springframework.security.acls.domain.AclAuthorizationStrategyImpl"
		id="aclAuthzStrategy">
		<constructor-arg>
			<array>
				<ref local="aclAdminAuthority" />
				<ref local="aclAdminAuthority" />
				<ref local="aclAdminAuthority" />
			</array>
		</constructor-arg>
	</bean>
	<bean
		class="org.springframework.security.core.authority.GrantedAuthorityImpl"
		id="aclAdminAuthority">
		<constructor-arg value="ROLE_ADMIN" />
	</bean>

	<bean class="org.springframework.security.acls.jdbc.JdbcAclService"
		id="aclService">
		<constructor-arg ref="primaryDataSource" />
		<constructor-arg ref="lookupStrategy" />
	</bean>

	<!-- ========= ACL MUTABLE SERVICE DEFINITIONS ========= -->

	<bean id="expressionHandler"
		class="org.springframework.security.access.expression.method.DefaultMethodSecurityExpressionHandler">
		<property name="permissionEvaluator" ref="permissionEvaluator" />
		<property name="permissionCacheOptimizer">
			<bean class="org.springframework.security.acls.AclPermissionCacheOptimizer">
				<constructor-arg ref="aclMutableService" />
			</bean>
		</property>
	</bean>

	<bean id="permissionEvaluator"
		class="org.springframework.security.acls.AclPermissionEvaluator">
		<constructor-arg ref="aclMutableService" />
	</bean>
	<!-- SELECT @@IDENTITY 解决错误
	PROCEDURE identity does not exist -->
	<bean id="aclMutableService"
		class="org.springframework.security.acls.jdbc.JdbcMutableAclService">
		<constructor-arg ref="primaryDataSource" />
		<constructor-arg ref="lookupMutableStrategy" />
		<constructor-arg ref="aclMutableCache" />
		<property name="classIdentityQuery" value="SELECT @@IDENTITY" />
		<property name="sidIdentityQuery" value="SELECT @@IDENTITY" />
	</bean>

	<bean id="lookupMutableStrategy"
		class="org.springframework.security.acls.jdbc.BasicLookupStrategy">
		<constructor-arg ref="primaryDataSource" />
		<constructor-arg ref="aclMutableCache" />
		<constructor-arg>
			<bean
				class="org.springframework.security.acls.domain.AclAuthorizationStrategyImpl">
				<constructor-arg>
					<bean
						class="org.springframework.security.core.authority.SimpleGrantedAuthority">
						<constructor-arg value="ROLE_ADMINISTRATOR" />
					</bean>
				</constructor-arg>
			</bean>
		</constructor-arg>
		<constructor-arg>
			<bean class="org.springframework.security.acls.domain.ConsoleAuditLogger" />
		</constructor-arg>
	</bean>

	<bean id="aclMutableCache"
		class="org.springframework.security.acls.domain.EhCacheBasedAclCache">
		<constructor-arg>
			<bean class="org.springframework.cache.ehcache.EhCacheFactoryBean">
				<property name="cacheManager">
					<bean class="org.springframework.cache.ehcache.EhCacheManagerFactoryBean" />
				</property>
				<property name="cacheName" value="aclMutableCache" />
			</bean>
		</constructor-arg>
		<constructor-arg>
			<bean
				class="org.springframework.security.acls.domain.DefaultPermissionGrantingStrategy">
				<constructor-arg>
					<bean class="org.springframework.security.acls.domain.ConsoleAuditLogger" />
				</constructor-arg>
			</bean>
		</constructor-arg>
		<constructor-arg>
			<bean
				class="org.springframework.security.acls.domain.AclAuthorizationStrategyImpl">
				<constructor-arg>
					<list>
						<bean
							class="org.springframework.security.core.authority.SimpleGrantedAuthority">
							<constructor-arg value="ROLE_ACL_ADMIN" />
						</bean>
					</list>
				</constructor-arg>
			</bean>
		</constructor-arg>
	</bean>

</beans>