<?xml version="1.0"?>
<!DOCTYPE hibernate-mapping PUBLIC
        "-//Hibernate/Hibernate Mapping DTD 3.0//EN"
        "http://www.hibernate.org/dtd/hibernate-mapping-3.0.dtd"
        >

<hibernate-mapping package="com.gamedo.gameServer.entity.log">
    <class name="ItemRecord" table="itemRecord" dynamic-insert="true" dynamic-update="true">
        <id name="id" column="id">
            <generator class="native"/>
        </id>
        <property name="playerId" type="int"/>
        <property name="playerName" type="string"/>
        <property name="channelId" type="string"/>
        <property name="createTime" type="timestamp"/>
        <property name="type" type="int"/>
        <property name="itemId" type="int"/>
        <property name="itemName" type="string"/>
        <property name="counts" type="int"/>
        <property name="cause" type="string"/>
    </class>
	
</hibernate-mapping>