<?xml version="1.0"?>
<!DOCTYPE hibernate-mapping PUBLIC
        "-//Hibernate/Hibernate Mapping DTD 3.0//EN"
        "http://www.hibernate.org/dtd/hibernate-mapping-3.0.dtd"
        >

<hibernate-mapping package="com.gamedo.gameServer.entity.log">
    <class name="LoginRecord" table="loginRecord" dynamic-insert="true" dynamic-update="true">
        <id name="id" column="id">
            <generator class="native"/>
        </id>
        <property name="playerId" type="int"/>
        <property name="playerName" type="string"/>
        <property name="channelId" type="string"/>
        <property name="subChannelId" type="string"/>
        <property name="loginTime" type="timestamp"/>
        <property name="loginIp" type="string"/>
        <property name="playerType" type="int"/>
    </class>
	
</hibernate-mapping>