<?xml version="1.0"?>
<!DOCTYPE hibernate-mapping PUBLIC
        "-//Hibernate/Hibernate Mapping DTD 3.0//EN"
        "http://www.hibernate.org/dtd/hibernate-mapping-3.0.dtd"
        >

<hibernate-mapping package="com.gamedo.gameServer.data.quest">
    <class name="Bubble" table="bubble">
        <id name="id" column="id">
            <generator class="native"/>
        </id>
        <property name="description" type="string"/>
        <property name="weight" type="int"/>
        <property name="bubbleType" type="int"/>
        <property name="rewardId" type="int"/>
        <property name="value" type="int"/>
    </class>
	
</hibernate-mapping>