<?xml version="1.0"?>
<!DOCTYPE hibernate-mapping PUBLIC
        "-//Hibernate/Hibernate Mapping DTD 3.0//EN"
        "http://www.hibernate.org/dtd/hibernate-mapping-3.0.dtd">
<hibernate-mapping package="com.gamedo.gameServer.data">
    <class name="BuyConfig" table="buyconfig">
        <id name="id" column="id">
            <generator class="native"/>
        </id>
        <property name="buyType" type="int"/>
        <property name="consumeItemId" type="int"/>
        <property name="consumeItemNum" type="int"/>
        <property name="baseValue" type="int"/>
        <property name="extraValue" type="int"/>
    </class>
	
</hibernate-mapping>