<?xml version="1.0"?>
<!DOCTYPE hibernate-mapping PUBLIC
        "-//Hibernate/Hibernate Mapping DTD 3.0//EN"
        "http://www.hibernate.org/dtd/hibernate-mapping-3.0.dtd"
        >

<hibernate-mapping package="com.gamedo.gameServer.data.equipment">
    <class name="ClothPrice" table="clothPrice">
        <id name="id" column="id">
            <generator class="native"/>
        </id>
        <property name="clothId" type="int"/>
        <property name="cdTimeType" type="int"/>
        <property name="currencyType" type="int"/>
        <property name="currencyCounts" type="int"/>
    </class>
	
</hibernate-mapping>