<?xml version="1.0"?>
<!DOCTYPE hibernate-mapping PUBLIC
        "-//Hibernate/Hibernate Mapping DTD 3.0//EN"
        "http://www.hibernate.org/dtd/hibernate-mapping-3.0.dtd"
        >

<hibernate-mapping package="com.gamedo.gameServer.data.dailyMission">
    <class name="DailyMissionDefine" table="dailyMissionDefine">
        <id name="id" column="id">
            <generator class="native"/>
        </id>
        <property name="name" type="string"/>
        <property name="description" type="string"/>
        <property name="category" type="int"/>
        <property name="property" type="int"/>
        <property name="navigation" type="string"/>
        <property name="activeValue" type="int"/>
        <property name="rewardIds" type="string"/>
        <property name="rewardTypes" type="string"/>
        <property name="rewardNums" type="string"/>
        <property name="missionPrams" type="string"/>
        <property name="missionSort" type="int"/>
    </class>
	
</hibernate-mapping>