<?xml version="1.0"?>
<!DOCTYPE hibernate-mapping PUBLIC
        "-//Hibernate/Hibernate Mapping DTD 3.0//EN"
        "http://www.hibernate.org/dtd/hibernate-mapping-3.0.dtd"
        >

<hibernate-mapping package="com.gamedo.gameServer.core.fall">
    <class name="DropItem" table="dropItem">
        <id name="id" column="id">
            <generator class="native"/>
        </id>
        <property name="dropType" type="int"/>
        <property name="dropGroupId" type="int"/>
        <property name="subGroupId" type="int"/>
        <property name="dropID" type="int"/>
        <property name="dropWeight" type="int"/>
        <property name="quantityMax" type="int"/>
        <property name="quantityMin" type="int"/>
        <property name="isShow" type="int"/>
        <property name="cdTimeType" type="int"/>
    </class>
	
</hibernate-mapping>