<?xml version="1.0"?>
<!DOCTYPE hibernate-mapping PUBLIC
        "-//Hibernate/Hibernate Mapping DTD 3.0//EN"
        "http://www.hibernate.org/dtd/hibernate-mapping-3.0.dtd"
        >

<hibernate-mapping package="com.gamedo.gameServer.core.fall">
    <class name="DropGroup" table="dropGroup">
        <id name="id" column="id">
            <generator class="native"/>
        </id>
        <property name="title" type="string"/>
        <property name="description" type="string"/>
        <property name="quantityMax" type="int"/>
        <property name="quantityMin" type="int"/>
        <property name="valid" type="int"/>
    </class>
	
</hibernate-mapping>