<?xml version="1.0"?>
<!DOCTYPE hibernate-mapping PUBLIC
        "-//Hibernate/Hibernate Mapping DTD 3.0//EN"
        "http://www.hibernate.org/dtd/hibernate-mapping-3.0.dtd"
        >

<hibernate-mapping package="com.gamedo.gameServer.data.engagement">
    <class name="EngagementGuessReward" table="engagementGuessReward">
        <id name="id" column="id">
            <generator class="native"/>
        </id>
        <property name="round" type="int"/>
        <property name="rewardType" type="int"/>
        <property name="rewardId" type="int"/>
        <property name="rewardCounts" type="int"/>
        <property name="cdTimeType" type="int"/>
    </class>
	
</hibernate-mapping>