<?xml version="1.0"?>
<!DOCTYPE hibernate-mapping PUBLIC
        "-//Hibernate/Hibernate Mapping DTD 3.0//EN"
        "http://www.hibernate.org/dtd/hibernate-mapping-3.0.dtd"
        >

<hibernate-mapping package="com.gamedo.gameServer.data.engagement">
    <class name="EngagementShopItem" table="engagementShopItem">
        <id name="id" column="id">
            <generator class="native"/>
        </id>
        <property name="sceneId" type="int"/>
        <property name="itemId" type="int"/>
        <property name="currencyType" type="int"/>
        <property name="price" type="int"/>
        <property name="baseExpValue" type="int"/>
    </class>
	
</hibernate-mapping>