<?xml version="1.0"?>
<!DOCTYPE hibernate-mapping PUBLIC
        "-//Hibernate/Hibernate Mapping DTD 3.0//EN"
        "http://www.hibernate.org/dtd/hibernate-mapping-3.0.dtd"
        >

<hibernate-mapping package="com.gamedo.gameServer.data.girl">
    <class name="Girl" table="girl">
        <id name="id" column="id">
            <generator class="native"/>
        </id>
        <property name="name" type="string"/>
        <property name="head" type="string"/>
        <property name="icon" type="string"/>
        <property name="description" type="string"/>
        <property name="disposition" type="string"/>
        <property name="constellation" type="string"/>
        <property name="blood" type="string"/>
        <property name="birthday" type="string"/>
        <property name="measurements" type="string"/>
        <property name="height" type="string"/>
        <property name="job" type="string"/>
        <property name="defaultCdTime" type="long"/>
        <property name="maxLv" type="int"></property>
        <property name="style" type="int"></property>
        <property name="adaptSceneStr" type="string"/>
        <property name="superLoveAttributeStr" type="string"/>
        <property name="loveAttributeStr" type="string"/>
        <property name="valid" type="java.lang.Integer">
        	<column name="valid" default="0"/>
        </property>
    </class>
	
</hibernate-mapping>