<?xml version="1.0"?>
<!DOCTYPE hibernate-mapping PUBLIC
        "-//Hibernate/Hibernate Mapping DTD 3.0//EN"
        "http://www.hibernate.org/dtd/hibernate-mapping-3.0.dtd"
        >

<hibernate-mapping package="com.gamedo.gameServer.data.girl">
    <class name="GirlLevelInfo" table="girllevelinfo">
        <id name="id" column="id">
            <generator class="native"/>
        </id>
        <property name="gridId" type="int"/>
        <property name="level" type="int"/>
        <property name="exp" type="int"/>
        <property name="currencyType" type="int"/>
        <property name="count" type="int"/>
        <property name="actionGroupIds" type="string"/>
        <property name="voiceGroupIds" type="string"/>
        <property name="equipIds" type="string"/>
    </class>
	
</hibernate-mapping>