<?xml version="1.0"?>
<!DOCTYPE hibernate-mapping PUBLIC
        "-//Hibernate/Hibernate Mapping DTD 3.0//EN"
        "http://www.hibernate.org/dtd/hibernate-mapping-3.0.dtd"
        >

<hibernate-mapping package="com.gamedo.gameServer.data">
    <class name="GirlSignType" table="girlSignType">
        <id name="id" column="id">
            <generator class="native"/>
        </id>
        <property name="girlId" type="int"/>
        <property name="type" type="int"/>
        <property name="title" type="string"/>
        <property name="cdTime" type="long"/>
        <property name="currencyType" type="int"/>
        <property name="currencyCounts" type="int"/>
    </class>
	
</hibernate-mapping>