<?xml version="1.0"?>
<!DOCTYPE hibernate-mapping PUBLIC
        "-//Hibernate/Hibernate Mapping DTD 3.0//EN"
        "http://www.hibernate.org/dtd/hibernate-mapping-3.0.dtd"
        >

<hibernate-mapping package="com.gamedo.gameServer.data.girl">
    <class name="GirlParts" table="girlParts">
        <id name="id" column="id">
            <generator class="native"/>
        </id>
        <property name="girlId" type="int"/>
        <property name="playType" type="int"/>
        <property name="type" type="int"/>
        <property name="part" type="int"/>
        <property name="equipId" type="int"/>
        
    </class>
	
</hibernate-mapping>