<?xml version="1.0"?>
<!DOCTYPE hibernate-mapping PUBLIC
        "-//Hibernate/Hibernate Mapping DTD 3.0//EN"
        "http://www.hibernate.org/dtd/hibernate-mapping-3.0.dtd"
        >

<hibernate-mapping package="com.gamedo.gameServer.data.mothsign">
    <class name="MonthSignData" table="monthsigndata" dynamic-insert="true" dynamic-update="true">
        <id name="id" column="id">
            <generator class="native"/>
        </id>
        <property name="month" type="int"/>
        <property name="time" type="int"/>
        <property name="type" type="int"/>
        <property name="itemid" type="int"/>
        <property name="num" type="int"/>
    </class>
	
</hibernate-mapping>