<?xml version="1.0"?>
<!DOCTYPE hibernate-mapping PUBLIC
        "-//Hibernate/Hibernate Mapping DTD 3.0//EN"
        "http://www.hibernate.org/dtd/hibernate-mapping-3.0.dtd"
        >

<hibernate-mapping package="com.gamedo.gameServer.data.quest">
	<class name="QuestChapter" table="questChapter">
		<id name="id" column="id">
			<generator class="native" />
		</id>
		<property name="name" type="string" />
		<property name="iconId" type="string" />
		<property name="description" type="string" />
		<property name="nextChapterId" type="int" />
	</class>

</hibernate-mapping>