<?xml version="1.0"?>
<!DOCTYPE hibernate-mapping PUBLIC
        "-//Hibernate/Hibernate Mapping DTD 3.0//EN"
        "http://www.hibernate.org/dtd/hibernate-mapping-3.0.dtd">
<hibernate-mapping package="com.gamedo.gameServer.data.quest">
	<class name="QuestFinishPhotoReward" table="questfinishphotoreward">
		<id name="id" column="id">
			<generator class="native" />
		</id>
		<property name="quality" type="int" />
		<property name="rewardId" type="string" />
		<property name="rewardType" type="string" />
		<property name="rewardNum" type="string" />
	</class>
</hibernate-mapping>