<?xml version="1.0"?>
<!DOCTYPE hibernate-mapping PUBLIC
        "-//Hibernate/Hibernate Mapping DTD 3.0//EN"
        "http://www.hibernate.org/dtd/hibernate-mapping-3.0.dtd"
        >

<hibernate-mapping package="com.gamedo.gameServer.data.quest">
    <class name="Quest" table="quest">
        <id name="id" column="id">
            <generator class="native"/>
        </id>
        <property name="category" type="int"/>
        <property name="subType" type="java.lang.Integer">
        	<column name="subType" default="0"/>
        </property>
        <property name="hardType" type="int"/>
        <property name="name" type="string"/>
        <property name="description" type="string"/>
        <property name="filterConditionsStr" type="string"/>
        <property name="level" type="int"/>
        <property name="consumeTili" type="int"/>
        <property name="valid" type="int"/>
        <property name="dropGroupId" type="int"/>
        <property name="scene" type="string"/>
        <property name="finishCounts" type="int"/>
        <property name="vipFinishCounts" type="int"/>
        <property name="canLock" type="int"/>
        <property name="gamePlayId" type="int"/>
        <property name="heartReward" type="int"/>
        <property name="canRepeat" type="int"/>
        <property name="nextQuestIdStr" type="string"/>
        <property name="isDefault" type="int"/>
        <property name="startTime" type="timestamp"/>
        <property name="endTime" type="timestamp"/>
        <property name="iconId" type="string"/>
        <property name="backGroundId" type="string"/>
        <property name="girlId" type="java.lang.Integer">
        	<column name="girlId" default="0"/>
        </property>
        <property name="display" type="java.lang.Integer">
        	<column name="display" default="0"/>
        </property>
    </class>
	
</hibernate-mapping>