<?xml version="1.0"?>
<!DOCTYPE hibernate-mapping PUBLIC
        "-//Hibernate/Hibernate Mapping DTD 3.0//EN"
        "http://www.hibernate.org/dtd/hibernate-mapping-3.0.dtd"
        >

<hibernate-mapping package="com.gamedo.gameServer.data.activity.activityExch">
    <class name="ActivityExchData" table="activityexchdata">
        <id name="id" column="id">
            <generator class="native"/>
        </id>
        <property name="name" type="string"/>
        <property name="ioc" type="string"/>
         <property name="type" type="string"/>
        <property name="consumeType" type="int"/>
        <property name="consumeNum" type="int"/>
    </class>
	
</hibernate-mapping>