<?xml version="1.0"?>
<!DOCTYPE hibernate-mapping PUBLIC
        "-//Hibernate/Hibernate Mapping DTD 3.0//EN"
        "http://www.hibernate.org/dtd/hibernate-mapping-3.0.dtd"
        >

<hibernate-mapping package="com.gamedo.gameServer.data.activity.activityExch">
    <class name="ExchActivityConfig" table="activityexchconfig">
        <id name="id" column="id">
            <generator class="native"/>
        </id>
        <property name="activityId" type="int"/>
        <property name="activityConfig" type="string"/>
        <property name="firstEndTime" type="timestamp"/>
         <property name="secondEndTime" type="timestamp"/>
    </class>
	
</hibernate-mapping>