<?xml version="1.0"?>
<!DOCTYPE hibernate-mapping PUBLIC
        "-//Hibernate/Hibernate Mapping DTD 3.0//EN"
        "http://www.hibernate.org/dtd/hibernate-mapping-3.0.dtd"
        >

<hibernate-mapping package="com.gamedo.gameServer.entity.activity.exchTicket">
    <class name="PlayerActivityExchRec" table="playeractivityexchrec">
        <id name="id" column="id">
            <generator class="native"/>
        </id>
        <property name="activityId" type="int"/>
        <property name="playerId" type="int"/>
        <property name="ticketId" type="int"/>
        <property name="ticketNum" type="string"/>
    </class>
	
</hibernate-mapping>