<?xml version="1.0" encoding="UTF-8"?>
<beans xmlns="http://www.springframework.org/schema/beans"
	xmlns:xsi="http://www.w3.org/2001/XMLSchema-instance" xmlns:aop="http://www.springframework.org/schema/aop"
	xmlns:tx="http://www.springframework.org/schema/tx" xmlns:mvc="http://www.springframework.org/schema/mvc"
	xmlns:jee="http://www.springframework.org/schema/jee"
	xsi:schemaLocation="
      http://www.springframework.org/schema/beans 
      http://www.springframework.org/schema/beans/spring-beans-2.5.xsd
      http://www.springframework.org/schema/aop 
      http://www.springframework.org/schema/aop/spring-aop-2.5.xsd
      http://www.springframework.org/schema/tx 
      http://www.springframework.org/schema/tx/spring-tx-2.5.xsd
      http://www.springframework.org/schema/mvc
      http://www.springframework.org/schema/mvc/spring-mvc-4.0.xsd
      http://www.springframework.org/schema/jee 
      http://www.springframework.org/schema/jee/spring-jee-3.0.xsd">
	
	<bean id="accountSessionFactory"
		class="org.springframework.orm.hibernate4.LocalSessionFactoryBean">
		<property name="mappingResources">
			<list>
				<value>com/gamedo/loginServer/mapper/Account.hbm.xml</value>
			</list>
		</property>
		<property name="hibernateProperties">
			<props>
				<prop key="hibernate.connection.url">jdbc:mysql://127.0.0.1:3306/ipoc_account?useUnicode=true&amp;characterEncoding=UTF8
				</prop>
				<prop key="hibernate.connection.username">root</prop>
				<prop key="hibernate.connection.password">gamedoipoc</prop>
				<prop key="hibernate.dialect">org.hibernate.dialect.MySQLDialect</prop>
				<prop key="hibernate.show_sql">false</prop>
				<prop key="hibernate.connection.driver_class">com.mysql.jdbc.Driver</prop>
				<prop key="hibernate.connection.provider_class">org.hibernate.connection.C3P0ConnectionProvider
				</prop>
				<prop key="hibernate.c3p0.max_size">5</prop>
				<prop key="hibernate.c3p0.min_size">1</prop>
				<prop key="hibernate.c3p0.timeout">120</prop>
				<prop key="hibernate.c3p0.max_statements">100</prop>
				<prop key="hibernate.c3p0.idle_test_period">120</prop>
				<prop key="hibernate.c3p0.acquire_increment">1</prop>
				<prop key="hibernate.c3p0.validate">true</prop>
				<prop key="hibernate.c3p0.acquireRetryAttempts">3</prop>
				<prop key="hibernate.c3p0.acquireRetryDelay">2000</prop>
				<prop key="hibernate.c3p0.breakAfterAcquireFailure">false</prop>
				<prop key="hibernate.current_session_context_class">thread</prop>
				<prop key="hibernate.generate_statistics">true</prop>
				<prop key="hibernate.hbm2ddl.auto">update</prop>
			</props>
		</property>
	</bean>

	<bean id="dataSessionFactory"
		class="org.springframework.orm.hibernate4.LocalSessionFactoryBean">
		<property name="mappingResources">
			<list>
				<value>com/gamedo/loginServer/mapper/Announcement.hbm.xml</value>
				<value>com/gamedo/loginServer/mapper/LoginConfig.hbm.xml</value>
			</list>
		</property>
		<property name="hibernateProperties">
			<props>
				<prop key="hibernate.connection.url">jdbc:mysql://127.0.0.1:3306/ipoc_data?useUnicode=true&amp;characterEncoding=UTF8
				</prop>
				<prop key="hibernate.connection.username">root</prop>
				<prop key="hibernate.connection.password">gamedoipoc</prop>
				<prop key="hibernate.dialect">org.hibernate.dialect.MySQLDialect</prop>
				<prop key="hibernate.show_sql">false</prop>
				<prop key="hibernate.connection.driver_class">com.mysql.jdbc.Driver</prop>
				<prop key="hibernate.connection.provider_class">org.hibernate.connection.C3P0ConnectionProvider
				</prop>
				<prop key="hibernate.c3p0.max_size">5</prop>
				<prop key="hibernate.c3p0.min_size">1</prop>
				<prop key="hibernate.c3p0.timeout">120</prop>
				<prop key="hibernate.c3p0.max_statements">100</prop>
				<prop key="hibernate.c3p0.idle_test_period">120</prop>
				<prop key="hibernate.c3p0.acquire_increment">1</prop>
				<prop key="hibernate.c3p0.validate">true</prop>
				<prop key="hibernate.c3p0.acquireRetryAttempts">3</prop>
				<prop key="hibernate.c3p0.acquireRetryDelay">2000</prop>
				<prop key="hibernate.c3p0.breakAfterAcquireFailure">false</prop>
				<prop key="hibernate.current_session_context_class">thread</prop>
				<prop key="hibernate.generate_statistics">true</prop>
				<prop key="hibernate.hbm2ddl.auto">update</prop>
			</props>
		</property>
	</bean>

	<!-- 将事务与Hibernate关联 -->
	<bean id="transactionManager"
		class="org.springframework.orm.hibernate4.HibernateTransactionManager">
		<property name="sessionFactory">
			<ref local="dataSessionFactory" />
		</property>
	</bean>

	<!-- 事务（注解 ） -->
	<tx:annotation-driven transaction-manager="transactionManager"
		proxy-target-class="true" />

	<bean id="defaultGenericDao" class="com.gamedo.loginServer.db.DefaultSessionFactory">
		<property name="accountSessionFactory" ref="accountSessionFactory" />
		<property name="dataSessionFactory" ref="dataSessionFactory" />
	</bean>
	
</beans>