<?xml version="1.0"?>
<!DOCTYPE hibernate-mapping PUBLIC
        "-//Hibernate/Hibernate Mapping DTD 3.0//EN"
        "http://www.hibernate.org/dtd/hibernate-mapping-3.0.dtd"
        >

<hibernate-mapping package="com.gamedo.gameServer.entity.monthsign">
    <class name="PlayerMonthSignRec" table="playerMonthSignRec" dynamic-insert="true" dynamic-update="true">
        <id name="id" column="id">
            <generator class="native"/>
        </id>
        <property name="playerId" type="int"/>
        <property name="loginCnt" type="int"/>
        <property name="monthSignStr" type="string"/>
        <property name="dayRefreshTime" type="timestamp"/>
        <property name="createTime" type="timestamp"/>
    </class>
	
</hibernate-mapping>