<?xml version="1.0"?>
<!DOCTYPE hibernate-mapping PUBLIC
        "-//Hibernate/Hibernate Mapping DTD 3.0//EN"
        "http://www.hibernate.org/dtd/hibernate-mapping-3.0.dtd"
        >

<hibernate-mapping package="com.gamedo.gameServer.data.achievement">
    <class name="Achievement" table="achievement">
        <id name="id" column="id">
            <generator class="native"/>
        </id>
        <property name="name" type="string"/>
        <property name="description" type="string"/>
        <property name="category" type="int"/>
        <property name="type" type="int"/>
        <property name="achieveValue" type="int"/>
        <property name="girlId" type="int"/>
        <property name="value" type="int"/>
        <property name="hidden" type="int"/>
        <property name="extend" type="int"/>
        <property name="currencyType" type="int"/>
        <property name="currencyCounts" type="int"/>
        <property name="sceneType" type="int"/>
        <property name="questStar" type="int"/>
        <property name="itemCategory" type="int"/>
        <property name="itemType" type="int"/>
        <property name="popupType" type="int"/>
        <property name="isDefault" type="int"/>
        <property name="nextAchieveId" type="int"/>
        <property name="questId" type="java.lang.Integer">
        	<column name="questId" default="0"/>
        </property>
    </class>
	
</hibernate-mapping>