<?xml version="1.0"?>
<!DOCTYPE hibernate-mapping PUBLIC
        "-//Hibernate/Hibernate Mapping DTD 3.0//EN"
        "http://www.hibernate.org/dtd/hibernate-mapping-3.0.dtd">

<hibernate-mapping package="com.gamedo.gameServer.data.achievement">
    <class name="AchieveLevel" table="achieveLevel">
        <id name="id" column="id">
            <generator class="native"/>
        </id>
        <property name="level" type="int"/>
        <property name="achieveValue" type="int"/>
        <property name="rewardItemId" type="int"/>
        <property name="rewardCounts" type="int"/>
        <property name="cdTimeType" type="int"/>
    </class>
	
</hibernate-mapping>