<?xml version="1.0"?>
<!DOCTYPE hibernate-mapping PUBLIC
        "-//Hibernate/Hibernate Mapping DTD 3.0//EN"
        "http://www.hibernate.org/dtd/hibernate-mapping-3.0.dtd"
        >

<hibernate-mapping package="com.gamedo.gameServer.data">
    <class name="AppOpenConfig" table="appopenconfig">
        <id name="id" column="id">
            <generator class="native"/>
        </id>
        <property name="functionType" type="string"/>
        <property name="description" type="string"/>
        <property name="flag" type="int"/>
    </class>
	
</hibernate-mapping>