<?xml version="1.0"?>
<!DOCTYPE hibernate-mapping PUBLIC
        "-//Hibernate/Hibernate Mapping DTD 3.0//EN"
        "http://www.hibernate.org/dtd/hibernate-mapping-3.0.dtd">
<hibernate-mapping package="com.gamedo.gameServer.data.charge">
	<class name="AppStoreCharge" table="appstorecharge">
		<id name="id" column="id">
			<generator class="native" />
		</id>
		<property name="pid" type="string" />
		<property name="name" type="string" />
		<property name="description" type="string" />
		<property name="diamondNum" type="int" />
		<property name="money" type="float" />
		<property name="icon" type="string" />
		<property name="bonus" type="int" />
	</class>

</hibernate-mapping>