<?xml version="1.0"?>
<!DOCTYPE hibernate-mapping PUBLIC
        "-//Hibernate/Hibernate Mapping DTD 3.0//EN"
        "http://www.hibernate.org/dtd/hibernate-mapping-3.0.dtd"
        >

<hibernate-mapping package="com.gamedo.gameServer.data.dailyMission">
    <class name="DailyMissionActiveReward" table="dailymissionactivereward">
        <id name="id" column="id">
            <generator class="native"/>
        </id>
        <property name="activeType" type="int"/>
        <property name="needActive" type="int"/>
        <property name="rewardIds" type="string"/>
        <property name="rewardTypes" type="string"/>
        <property name="rewardNums" type="string"/>
        <property name="dropId" type="int"/>
    </class>
	
</hibernate-mapping>