<?xml version="1.0"?>
<!DOCTYPE hibernate-mapping PUBLIC
        "-//Hibernate/Hibernate Mapping DTD 3.0//EN"
        "http://www.hibernate.org/dtd/hibernate-mapping-3.0.dtd"
        >
<hibernate-mapping package="com.gamedo.gameServer.data.girl">
    <class name="Girl" table="girl">
        <id name="id" column="id">
            <generator class="native"/>
        </id>
        <property name="name" type="string"/>
        <property name="head" type="string"/>
        <property name="icon" type="string"/>
        <property name="description" type="string"/>
        <property name="disposition" type="string"/>
        <property name="constellation" type="string"/>
        <property name="blood" type="string"/>
        <property name="birthday" type="string"/>
        <property name="measurements" type="string"/>
        <property name="height" type="string"/>
        <property name="job" type="string"/>
        <property name="loveAttributeStr" type="string"/>
        <property name="heatAttributeStr" type="string"></property>
        <property name="interest" type="string"></property>
        <property name="introduction" type="string"/>
        <property name="MaxLv" type="int"/>
        <property name="styleBaseValue" type="string"/>
        <property name="unlockCondition" type="string"/>
        <property name="consumeGold" type="int"/>
        <property name="consumeDiamond" type="int"/>
        <property name="wearBikiniLevelLimit" type="int"/>
        <property name="initCloth" type="string"/>
    </class>
	
</hibernate-mapping>