<?xml version="1.0"?>
<!DOCTYPE hibernate-mapping PUBLIC
        "-//Hibernate/Hibernate Mapping DTD 3.0//EN"
        "http://www.hibernate.org/dtd/hibernate-mapping-3.0.dtd">

<hibernate-mapping package="com.gamedo.gameServer.data.item">
    <class name="Item" table="item">
        <id name="id" column="id">
            <generator class="native"/>
        </id>
        <property name="name" type="string"/>
        <property name="description" type="string"/>
        <property name="category" type="int"/>
        <property name="type" type="int"/>
        <property name="canAddition" type="int"/>
        <property name="addition" type="int"/>
        <property name="questFlag" type="int"/>
        <property name="available" type="int"/>
        <property name="quality" type="int"/>
        <property name="consume" type="int"/>
        <property name="autoUse" type="int"/>
        <property name="level" type="int"/>
        <property name="playerLevel" type="int"/>
        <property name="playerMaxLevel" type="int"/>
        <property name="canSale" type="int"/>
        <property name="currencyType" type="int"/>
        <property name="price" type="int"/>
        <property name="iconId" type="string"/>
        <property name="canDelete" type="int"/>
        <property name="useCount" type="int"/>
        <property name="maxOwnCount" type="int"/>
        <property name="instance" type="int"/>
        <property name="value" type="int"/>
        <property name="url" type="string"/>
        <property name="styles" type="string"/>
        <property name="subTypes" type="string"/>
    </class>
</hibernate-mapping>