<?xml version="1.0"?>
<!DOCTYPE hibernate-mapping PUBLIC
        "-//Hibernate/Hibernate Mapping DTD 3.0//EN"
        "http://www.hibernate.org/dtd/hibernate-mapping-3.0.dtd"
        >

<hibernate-mapping package="com.gamedo.gameServer.data.girl">
    <class name="MoodScore" table="moodScore">
        <id name="id" column="id">
            <generator class="native"/>
        </id>
        <property name="moodType" type="int"/>
        <property name="scoreId" type="int"/>
        <property name="score" type="int"/>
    </class>
	
</hibernate-mapping>