<?xml version="1.0"?>
<!DOCTYPE hibernate-mapping PUBLIC
        "-//Hibernate/Hibernate Mapping DTD 3.0//EN"
        "http://www.hibernate.org/dtd/hibernate-mapping-3.0.dtd">

<hibernate-mapping package="com.gamedo.gameServer.data">
    <class name="PlayerLevelInfo" table="playerLevelInfo">
        <id name="id" column="id">
            <generator class="native"/>
        </id>
        <property name="level" type="int"/>
        <property name="exp" type="int"/>
        <property name="maxTiLi" type="int"/>
        <property name="limitTiLi" type="int"/>
        <property name="recoverTime" type="int"/>
    </class>
</hibernate-mapping>