<?xml version="1.0"?>
<!DOCTYPE hibernate-mapping PUBLIC
        "-//Hibernate/Hibernate Mapping DTD 3.0//EN"
        "http://www.hibernate.org/dtd/hibernate-mapping-3.0.dtd"
        >

<hibernate-mapping package="com.gamedo.gameServer.data.quest">
    <class name="Quest" table="quest">
        <id name="id" column="id">
            <generator class="native"/>
        </id>
        <property name="chapterId" type="int"/>
        <property name="type" type="int"/>
        <property name="name" type="string"/>
        <property name="description" type="string"/>
        <property name="playerLevel" type="int"/>
        <property name="consumeTili" type="int"/>
        <property name="nextQuestId" type="int"/>
        <property name="girlId" type="int"/>
        <property name="limitClothIdStr" type="string"/>
        <property name="limitItemIdStr" type="string"/>
        <property name="displayClothStyleStr" type="string"/>
        <property name="displayMoodTypeStr" type="string"/>
        <property name="clothStyleWeightStr" type="string"/>
        <property name="moodTypeWeightStr" type="string"/>
        <property name="clothLaberStr" type="string"/>
        <property name="rewardCurrencyType" type="int"/>
        <property name="rewardBaseCurrencyCounts" type="int"/>
        <property name="exp" type="int"/>
        <property name="dialogId" type="int"/>
    </class>
	
</hibernate-mapping>