<?xml version="1.0"?>
<!DOCTYPE hibernate-mapping PUBLIC
        "-//Hibernate/Hibernate Mapping DTD 3.0//EN"
        "http://www.hibernate.org/dtd/hibernate-mapping-3.0.dtd"
        >

<hibernate-mapping package="com.gamedo.gameServer.data.quest">
	<class name="QuestScore" table="questScore">
		<id name="id" column="id">
			<generator class="native" />
		</id>
		<property name="questId" type="int" />
		<property name="scoreLevel" type="int" />
		<property name="minScore" type="int" />
		<property name="maxScore" type="int" />
		<property name="baseRewardAddRatio" type="double" />
	</class>

</hibernate-mapping>