<?xml version="1.0"?>
<!DOCTYPE hibernate-mapping PUBLIC
        "-//Hibernate/Hibernate Mapping DTD 3.0//EN"
        "http://www.hibernate.org/dtd/hibernate-mapping-3.0.dtd"
        >

<hibernate-mapping package="com.gamedo.gameServer.data.quest">
	<class name="QuestReward" table="questReward">
		<id name="id" column="id">
			<generator class="native" />
		</id>
		<property name="questId" type="int" />
		<property name="confitionType" type="int" />
		<property name="title" type="string" />
		<property name="rewardType" type="int" />
		<property name="rewardId" type="int" />
		<property name="rewardCounts" type="int" />
		<property name="ratio" type="int" />
	</class>

</hibernate-mapping>