<?xml version="1.0"?>
<!DOCTYPE hibernate-mapping PUBLIC
        "-//Hibernate/Hibernate Mapping DTD 3.0//EN"
        "http://www.hibernate.org/dtd/hibernate-mapping-3.0.dtd"
        >

<hibernate-mapping package="com.gamedo.gameServer.data.scene">
    <class name="Scene" table="scene">
        <id name="id" column="id">
            <generator class="native"/>
        </id>
        <property name="title" type="string"/>
        <property name="sceneName" type="string"/>
        <property name="iconId" type="string"/>
        <property name="category" type="int"/>
        <property name="sceneId" type="int"/>
        <property name="currencyType" type="int"/>
        <property name="currencuCounts" type="int"/>
        <property name="isDefault" type="int"/>
        <property name="isFree" type="int"/>
        <property name="vipFree" type="int"/>
        <property name="attribute" type="int"/>
        
    </class>
	
</hibernate-mapping>