<?xml version="1.0"?>
<!DOCTYPE hibernate-mapping PUBLIC
        "-//Hibernate/Hibernate Mapping DTD 3.0//EN"
        "http://www.hibernate.org/dtd/hibernate-mapping-3.0.dtd"
        >

<hibernate-mapping package="com.gamedo.gameServer.data">
    <class name="ServerInfoConfig" table="serverinfoconfig" dynamic-insert="true" dynamic-update="true">
        <id name="id" column="id">
            <generator class="native"/>
        </id>
        <property name="serverId" type="int"/>
        <property name="serverName" type="string"/>
        <property name="ip" type="string"/>
        <property name="port" type="int"/>
        <property name="discription" type="string"/>
        <property name="executeUpdate" type="int"/>
        <property name="safetyIpStr" type="string"/>
        <property name="openTime" type="timestamp"/>
        <property name="closeTime" type="timestamp"/>
        <property name="routeId" type="string"/>
    </class>
	
</hibernate-mapping>