<?xml version="1.0"?>
<!DOCTYPE hibernate-mapping PUBLIC
        "-//Hibernate/Hibernate Mapping DTD 3.0//EN"
        "http://www.hibernate.org/dtd/hibernate-mapping-3.0.dtd">

<hibernate-mapping package="com.gamedo.gameServer.data.shop">
    <class name="ShopItem" table="shopItem">
        <id name="id" column="id">
            <generator class="native"/>
        </id>
        <property name="shopId" type="int"/>
        <property name="type" type="int"/>
        <property name="itemId" type="int"/>
        <property name="level" type="int"/>
        <property name="consumeType" type="int"/>
        <property name="consumeNum" type="int"/>
        <property name="isDefault" type="int"/>
        <property name="weight" type="int"/>
        <property name="canBuyCount" type="int"/>
    </class>
	
</hibernate-mapping>