<?xml version="1.0"?>
<!DOCTYPE hibernate-mapping PUBLIC
        "-//Hibernate/Hibernate Mapping DTD 3.0//EN"
        "http://www.hibernate.org/dtd/hibernate-mapping-3.0.dtd"
        >

<hibernate-mapping package="com.gamedo.gameServer.core.fall">
    <class name="SubDropGroup" table="subDropGroup">
        <id name="id" column="id">
            <generator class="native"/>
        </id>
        <property name="subGroupId" type="int"/>
        <property name="dropGroupId" type="int"/>
        <property name="levelMax" type="int"/>
        <property name="levelMin" type="int"/>
    </class>
	
</hibernate-mapping>