<?xml version="1.0"?>
<!DOCTYPE hibernate-mapping PUBLIC
        "-//Hibernate/Hibernate Mapping DTD 3.0//EN"
        "http://www.hibernate.org/dtd/hibernate-mapping-3.0.dtd">

<hibernate-mapping package="com.gamedo.gameServer.data">
    <class name="TiLiInfo" table="tiLiInfo">
        <id name="id" column="id">
            <generator class="native"/>
        </id>
        <property name="buyCount" type="int"/>
        <property name="attributeType" type="int"/>
        <property name="value" type="int"/>
    </class>
</hibernate-mapping>