<?xml version="1.0"?>
<!DOCTYPE hibernate-mapping PUBLIC
        "-//Hibernate/Hibernate Mapping DTD 3.0//EN"
        "http://www.hibernate.org/dtd/hibernate-mapping-3.0.dtd"
        >

<hibernate-mapping package="com.gamedo.gameServer.data">
    <class name="UploadConfig" table="uploadConfig">
        <id name="id" column="id">
            <generator class="native"/>
        </id>
        <property name="avatarDir" type="string"/>
        <property name="dynamicImageDir" type="string"/>
        <property name="voiceDir" type="string"/>
        <property name="avatarUrl" type="string"/>
        <property name="dynamicImageUrl" type="string"/>
        <property name="voiceUrl" type="string"/>
        <property name="gameServerUrl" type="string"/>
    </class>
	
</hibernate-mapping>