<?xml version="1.0"?>
<!DOCTYPE hibernate-mapping PUBLIC
        "-//Hibernate/Hibernate Mapping DTD 3.0//EN"
        "http://www.hibernate.org/dtd/hibernate-mapping-3.0.dtd"
        >

<hibernate-mapping package="com.gamedo.gameServer.data">
    <class name="XieZhenGroup" table="xieZhenGroup">
        <id name="id" column="id">
            <generator class="native"/>
        </id>
        <property name="girlId" type="int"/>
        <property name="groupId" type="int"/>
        <property name="xieZhenId" type="int"/>
    </class>
	
</hibernate-mapping>