<?xml version='1.0' encoding='utf-8' ?>
<LogicTypeRoot>
	<LogicType name="出现区域" type="areaAppear" defaultResource="p0c2.actor">
		<Property name="key" valueType="string" value="areaAppear_1"/>
		<Property name="position" valueType="vector3" value="20.6929 0 44.1389"/>
		<Property name="radius" valueType="float" value="2"/>
	</LogicType>
	<LogicType name="副本结束区域" type="areaInstanceLeave" defaultResource="chuansong2.actor">
		<Property name="key" valueType="string" value="areaInstanceLeave_0"/>
		<Property name="position" valueType="vector3" value="20.039 0 34.1158"/>
		<Property name="radius" valueType="float" value="1.5"/>
	</LogicType>
</LogicTypeRoot>