﻿<?xml version='1.0' encoding='utf-8' ?>
<LogicTypeRoot>
	<LogicType name="NPC" type="npc" defaultResource="p1c1.actor">
		<Property name="sn" valueType="int" value="1000002"/>
		<Property name="position" valueType="vector3" value="5.38557 0 125.556"/>
		<Property name="face" valueType="int" value="0"/>
	</LogicType>
	<LogicType name="怪物" type="monster" defaultResource="p1c1.actor">
		<Property name="key" valueType="string" value="monster_1"/>
		<Property name="sn" valueType="int" value="100001"/>
		<Property name="position" valueType="vector3" value="23.6958 0 92.2569"/>
		<Property name="num" valueType="int" value="5"/>
		<Property name="active" valueType="bool" value="true"/>
		<Property name="radius" valueType="float" value="3"/>
		<Property name="face" valueType="int" value="0"/>
	</LogicType>
	<LogicType name="NPC" type="npc" defaultResource="p1c1.actor">
		<Property name="sn" valueType="int" value="1000004"/>
		<Property name="position" valueType="vector3" value="37.9519 0.738998 101.633"/>
		<Property name="face" valueType="int" value="0"/>
	</LogicType>
	<LogicType name="怪物" type="monster" defaultResource="p1c1.actor">
		<Property name="key" valueType="string" value="monster_2"/>
		<Property name="sn" valueType="int" value="100002"/>
		<Property name="position" valueType="vector3" value="40.3048 0 77.9674"/>
		<Property name="num" valueType="int" value="5"/>
		<Property name="active" valueType="bool" value="true"/>
		<Property name="radius" valueType="float" value="3"/>
		<Property name="face" valueType="int" value="0"/>
	</LogicType>
	<LogicType name="NPC" type="npc" defaultResource="p1c1.actor">
		<Property name="sn" valueType="int" value="1000001"/>
		<Property name="position" valueType="vector3" value="28.8811 0 150.539"/>
		<Property name="face" valueType="int" value="0"/>
	</LogicType>
	<LogicType name="出现区域" type="areaAppear" defaultResource="p1c1.actor">
		<Property name="key" valueType="string" value="areaAppear_0"/>
		<Property name="position" valueType="vector3" value="43.6448 0 143.046"/>
		<Property name="radius" valueType="float" value="1"/>
	</LogicType>
	<LogicType name="NPC" type="npc" defaultResource="p1c1.actor">
		<Property name="sn" valueType="int" value="1000003"/>
		<Property name="position" valueType="vector3" value="13.535 0 107.452"/>
		<Property name="face" valueType="int" value="0"/>
	</LogicType>
	<LogicType name="怪物" type="monster" defaultResource="p1c1.actor">
		<Property name="key" valueType="string" value="monster_3"/>
		<Property name="sn" valueType="int" value="100003"/>
		<Property name="position" valueType="vector3" value="21.2262 0 67.7863"/>
		<Property name="num" valueType="int" value="1"/>
		<Property name="active" valueType="bool" value="true"/>
		<Property name="radius" valueType="float" value="1"/>
		<Property name="face" valueType="int" value="0"/>
	</LogicType>
	<LogicType name="NPC" type="npc" defaultResource="p1c1.actor">
		<Property name="sn" valueType="int" value="1000005"/>
		<Property name="position" valueType="vector3" value="44.3171 0 89.3268"/>
		<Property name="face" valueType="int" value="0"/>
	</LogicType>
	<LogicType name="NPC" type="npc" defaultResource="p1c1.actor">
		<Property name="sn" valueType="int" value="1000006"/>
		<Property name="position" valueType="vector3" value="36.4423 0 68.6842"/>
		<Property name="face" valueType="int" value="0"/>
	</LogicType>
	<LogicType name="NPC" type="npc" defaultResource="p1c1.actor">
		<Property name="sn" valueType="int" value="1000007"/>
		<Property name="position" valueType="vector3" value="24.9307 0 77.8486"/>
		<Property name="face" valueType="int" value="0"/>
	</LogicType>
	<LogicType name="NPC" type="npc" defaultResource="p1c1.actor">
		<Property name="sn" valueType="int" value="1000008"/>
		<Property name="position" valueType="vector3" value="28.5551 0 55.0732"/>
		<Property name="face" valueType="int" value="0"/>
	</LogicType>
	<LogicType name="怪物" type="monster" defaultResource="p1c1.actor">
		<Property name="key" valueType="string" value="monster_4"/>
		<Property name="sn" valueType="int" value="8010001"/>
		<Property name="position" valueType="vector3" value="25.0536 0 44.3206"/>
		<Property name="num" valueType="int" value="1"/>
		<Property name="active" valueType="bool" value="true"/>
		<Property name="radius" valueType="float" value="1"/>
		<Property name="face" valueType="int" value="0"/>
	</LogicType>
	<LogicType name="怪物" type="monster" defaultResource="p1c1.actor">
		<Property name="key" valueType="string" value="monster_5"/>
		<Property name="sn" valueType="int" value="8010002"/>
		<Property name="position" valueType="vector3" value="40.7664 0 147.259"/>
		<Property name="num" valueType="int" value="1"/>
		<Property name="active" valueType="bool" value="true"/>
		<Property name="radius" valueType="float" value="1"/>
		<Property name="face" valueType="int" value="0"/>
	</LogicType>
	<LogicType name="怪物" type="monster" defaultResource="p1c1.actor">
		<Property name="key" valueType="string" value="monster_31"/>
		<Property name="sn" valueType="int" value="100003"/>
		<Property name="position" valueType="vector3" value="19.0222 0 66.2705"/>
		<Property name="num" valueType="int" value="1"/>
		<Property name="active" valueType="bool" value="true"/>
		<Property name="radius" valueType="float" value="1"/>
		<Property name="face" valueType="int" value="0"/>
	</LogicType>
	<LogicType name="怪物" type="monster" defaultResource="p1c1.actor">
		<Property name="key" valueType="string" value="monster_32"/>
		<Property name="sn" valueType="int" value="100003"/>
		<Property name="position" valueType="vector3" value="18.2897 0 68.8736"/>
		<Property name="num" valueType="int" value="1"/>
		<Property name="active" valueType="bool" value="true"/>
		<Property name="radius" valueType="float" value="1"/>
		<Property name="face" valueType="int" value="0"/>
	</LogicType>
	<LogicType name="剧情本离开区域" type="areaStoryLeave" defaultResource="chuansong2.actor">
		<Property name="key" valueType="string" value="areaStoryLeave_1"/>
		<Property name="position" valueType="vector3" value="25.0908 0 36.8009"/>
		<Property name="radius" valueType="float" value="2"/>
	</LogicType>
</LogicTypeRoot>

