<?xml version='1.0' encoding='utf-8' ?>
<LogicTypeRoot>
	<LogicType name="怪物" type="monster" defaultResource="m1_013.actor">
		<Property name="key" valueType="string" value="monster_3"/>
		<Property name="sn" valueType="int" value="100006"/>
		<Property name="position" valueType="vector3" value="66.6065 0 110.258"/>
		<Property name="num" valueType="int" value="10"/>
		<Property name="active" valueType="bool" value="true"/>
		<Property name="radius" valueType="float" value="4"/>
	</LogicType>
	<LogicType name="NPC" type="npc" defaultResource="n0_021.actor">
		<Property name="sn" valueType="int" value="1010001"/>
		<Property name="position" valueType="vector3" value="35.3987 0 18.2731"/>
		<Property name="face" valueType="int" value="0"/>
	</LogicType>
	<LogicType name="NPC" type="npc" defaultResource="n1_019.actor">
		<Property name="sn" valueType="int" value="0"/>
		<Property name="position" valueType="vector3" value="83.1938 0 6.53858"/>
		<Property name="face" valueType="int" value="0"/>
	</LogicType>
	<LogicType name="NPC" type="npc" defaultResource="n0_019.actor">
		<Property name="sn" valueType="int" value="1010003"/>
		<Property name="position" valueType="vector3" value="69.3468 0 13.2323"/>
		<Property name="face" valueType="int" value="0"/>
	</LogicType>
	<LogicType name="怪物" type="monster" defaultResource="m1_004.actor">
		<Property name="key" valueType="string" value="monster_1"/>
		<Property name="sn" valueType="int" value="100004"/>
		<Property name="position" valueType="vector3" value="46.194 0 32.4063"/>
		<Property name="num" valueType="int" value="8"/>
		<Property name="active" valueType="bool" value="true"/>
		<Property name="radius" valueType="float" value="3"/>
	</LogicType>
	<LogicType name="NPC" type="npc" defaultResource="n1_024.actor">
		<Property name="sn" valueType="int" value="1010005"/>
		<Property name="position" valueType="vector3" value="68.0132 0 39.9581"/>
		<Property name="face" valueType="int" value="0"/>
	</LogicType>
	<LogicType name="NPC" type="npc" defaultResource="n1_027.actor">
		<Property name="sn" valueType="int" value="1010006"/>
		<Property name="position" valueType="vector3" value="42.5909 0 60.3229"/>
		<Property name="face" valueType="int" value="0"/>
	</LogicType>
	<LogicType name="NPC" type="npc" defaultResource="n0_002.actor">
		<Property name="sn" valueType="int" value="1010013"/>
		<Property name="position" valueType="vector3" value="44.1382 0.561779 142.993"/>
		<Property name="face" valueType="int" value="0"/>
	</LogicType>
	<LogicType name="NPC" type="npc" defaultResource="n1_015.actor">
		<Property name="sn" valueType="int" value="1010016"/>
		<Property name="position" valueType="vector3" value="54.1277 0 190.783"/>
		<Property name="face" valueType="int" value="0"/>
	</LogicType>
	<LogicType name="NPC" type="npc" defaultResource="n1_007.actor">
		<Property name="sn" valueType="int" value="1010002"/>
		<Property name="position" valueType="vector3" value="35.2647 0 35.0026"/>
		<Property name="face" valueType="int" value="0"/>
	</LogicType>
	<LogicType name="出现区域" type="areaAppear" defaultResource="chuansong.actor">
		<Property name="key" valueType="string" value="areaAppear_1"/>
		<Property name="position" valueType="vector3" value="30.0497 0 22.7679"/>
		<Property name="radius" valueType="float" value="2"/>
	</LogicType>
	<LogicType name="怪物" type="monster" defaultResource="m5_001.actor">
		<Property name="key" valueType="string" value="monster_2"/>
		<Property name="sn" valueType="int" value="100005"/>
		<Property name="position" valueType="vector3" value="62.7517 0 87.0125"/>
		<Property name="num" valueType="int" value="10"/>
		<Property name="active" valueType="bool" value="true"/>
		<Property name="radius" valueType="float" value="3"/>
	</LogicType>
	<LogicType name="怪物" type="monster" defaultResource="m1_002.actor">
		<Property name="key" valueType="string" value="monster_4"/>
		<Property name="sn" valueType="int" value="100007"/>
		<Property name="position" valueType="vector3" value="20.0782 0 136.17"/>
		<Property name="num" valueType="int" value="8"/>
		<Property name="active" valueType="bool" value="true"/>
		<Property name="radius" valueType="float" value="3"/>
	</LogicType>
	<LogicType name="怪物" type="monster" defaultResource="m1_015.actor">
		<Property name="key" valueType="string" value="monster_5"/>
		<Property name="sn" valueType="int" value="100008"/>
		<Property name="position" valueType="vector3" value="44.538 0 186.516"/>
		<Property name="num" valueType="int" value="8"/>
		<Property name="active" valueType="bool" value="true"/>
		<Property name="radius" valueType="float" value="3"/>
	</LogicType>
	<LogicType name="NPC" type="npc" defaultResource="n1_019.actor">
		<Property name="sn" valueType="int" value="1010007"/>
		<Property name="position" valueType="vector3" value="35.3352 0 69.073"/>
		<Property name="face" valueType="int" value="0"/>
	</LogicType>
	<LogicType name="NPC" type="npc" defaultResource="n1_019.actor">
		<Property name="sn" valueType="int" value="1010008"/>
		<Property name="position" valueType="vector3" value="31.7854 0 79.2379"/>
		<Property name="face" valueType="int" value="0"/>
	</LogicType>
	<LogicType name="NPC" type="npc" defaultResource="n1_019.actor">
		<Property name="sn" valueType="int" value="1010009"/>
		<Property name="position" valueType="vector3" value="52.1164 0 82.4404"/>
		<Property name="face" valueType="int" value="0"/>
	</LogicType>
	<LogicType name="NPC" type="npc" defaultResource="n1_019.actor">
		<Property name="sn" valueType="int" value="1010010"/>
		<Property name="position" valueType="vector3" value="52.5658 0 104.823"/>
		<Property name="face" valueType="int" value="0"/>
	</LogicType>
	<LogicType name="NPC" type="npc" defaultResource="n1_019.actor">
		<Property name="sn" valueType="int" value="1010011"/>
		<Property name="position" valueType="vector3" value="34.4635 0 120.239"/>
		<Property name="face" valueType="int" value="0"/>
	</LogicType>
	<LogicType name="NPC" type="npc" defaultResource="n1_019.actor">
		<Property name="sn" valueType="int" value="1010012"/>
		<Property name="position" valueType="vector3" value="23.8777 0 121.648"/>
		<Property name="face" valueType="int" value="0"/>
	</LogicType>
	<LogicType name="NPC" type="npc" defaultResource="n1_019.actor">
		<Property name="sn" valueType="int" value="1010014"/>
		<Property name="position" valueType="vector3" value="38.3375 0 156.158"/>
		<Property name="face" valueType="int" value="0"/>
	</LogicType>
	<LogicType name="NPC" type="npc" defaultResource="n1_019.actor">
		<Property name="sn" valueType="int" value="1010015"/>
		<Property name="position" valueType="vector3" value="42.5832 0 169.408"/>
		<Property name="face" valueType="int" value="0"/>
	</LogicType>
	<LogicType name="出现区域" type="areaAppear" defaultResource="chuansong.actor">
		<Property name="key" valueType="string" value="areaAppear_2"/>
		<Property name="position" valueType="vector3" value="70.9417 0 173.108"/>
		<Property name="radius" valueType="float" value="2"/>
	</LogicType>
	<LogicType name="传送区域" type="areaStageSwitch" defaultResource="chuansong.actor">
		<Property name="key" valueType="string" value="areaStageSwitch_2"/>
		<Property name="position" valueType="vector3" value="65.3913 0 157.031"/>
		<Property name="radius" valueType="float" value="3"/>
	</LogicType>
	<LogicType name="NPC" type="npc" defaultResource="n1_019.actor">
		<Property name="sn" valueType="int" value="1010004"/>
		<Property name="position" valueType="vector3" value="77.7216 0 26.1642"/>
		<Property name="face" valueType="int" value="0"/>
	</LogicType>
	<LogicType name="采集物" type="pick" defaultResource="cj_001.actor">
		<Property name="key" valueType="string" value="pick_1"/>
		<Property name="sn" valueType="int" value="10199"/>
		<Property name="position" valueType="vector3" value="38.573 0 61.3807"/>
		<Property name="num" valueType="int" value="8"/>
		<Property name="radius" valueType="float" value="3"/>
	</LogicType>
	<LogicType name="NPC" type="npc" defaultResource="n1_019.actor">
		<Property name="sn" valueType="int" value="1010017"/>
		<Property name="position" valueType="vector3" value="75.5516 0 179.032"/>
		<Property name="face" valueType="int" value="0"/>
	</LogicType>
	<LogicType name="NPC" type="npc" defaultResource="n1_019.actor">
		<Property name="sn" valueType="int" value="1010018"/>
		<Property name="position" valueType="vector3" value="75.6195 0 157.417"/>
		<Property name="face" valueType="int" value="0"/>
	</LogicType>
	<LogicType name="NPC" type="npc" defaultResource="n1_019.actor">
		<Property name="sn" valueType="int" value="1010019"/>
		<Property name="position" valueType="vector3" value="91.276 0 157.092"/>
		<Property name="face" valueType="int" value="0"/>
	</LogicType>
	<LogicType name="NPC" type="npc" defaultResource="n1_019.actor">
		<Property name="sn" valueType="int" value="1010020"/>
		<Property name="position" valueType="vector3" value="76.3536 0 143.664"/>
		<Property name="face" valueType="int" value="0"/>
	</LogicType>
	<LogicType name="采集物" type="pick" defaultResource="cj_001.actor">
		<Property name="key" valueType="string" value="pick_2"/>
		<Property name="sn" valueType="int" value="10198"/>
		<Property name="position" valueType="vector3" value="72.3248 0 183.373"/>
		<Property name="num" valueType="int" value="1"/>
		<Property name="radius" valueType="float" value="1"/>
	</LogicType>
	<LogicType name="采集物" type="pick" defaultResource="cj_001.actor">
		<Property name="key" valueType="string" value="pick_21"/>
		<Property name="sn" valueType="int" value="10198"/>
		<Property name="position" valueType="vector3" value="72.1181 0 181.472"/>
		<Property name="num" valueType="int" value="1"/>
		<Property name="radius" valueType="float" value="1"/>
	</LogicType>
	<LogicType name="采集物" type="pick" defaultResource="cj_001.actor">
		<Property name="key" valueType="string" value="pick_22"/>
		<Property name="sn" valueType="int" value="10198"/>
		<Property name="position" valueType="vector3" value="73.4161 0 182.143"/>
		<Property name="num" valueType="int" value="1"/>
		<Property name="radius" valueType="float" value="1"/>
	</LogicType>
	<LogicType name="采集物" type="pick" defaultResource="cj_001.actor">
		<Property name="key" valueType="string" value="pick_23"/>
		<Property name="sn" valueType="int" value="10198"/>
		<Property name="position" valueType="vector3" value="71.0526 0 182.732"/>
		<Property name="num" valueType="int" value="1"/>
		<Property name="radius" valueType="float" value="1"/>
	</LogicType>
	<LogicType name="出现区域" type="areaAppear" defaultResource="chuansong.actor">
		<Property name="key" valueType="string" value="areaAppear_9"/>
		<Property name="position" valueType="vector3" value="77.6024 0 160.676"/>
		<Property name="radius" valueType="float" value="2"/>
	</LogicType>
</LogicTypeRoot>

