<?xml version='1.0' encoding='utf-8' ?>
<LogicTypeRoot>
	<LogicType name="传送区域" type="areaStageSwitch" defaultResource="chuansong.actor">
		<Property name="key" valueType="string" value="areaStageSwitch_1"/>
		<Property name="position" valueType="vector3" value="33.3155 0 43.2284"/>
		<Property name="radius" valueType="float" value="3"/>
	</LogicType>
	<LogicType name="出现区域" type="areaAppear" defaultResource="p1c1.actor">
		<Property name="key" valueType="string" value="areaAppear_1"/>
		<Property name="position" valueType="vector3" value="36.6936 0 49.1906"/>
		<Property name="radius" valueType="float" value="2"/>
	</LogicType>
	<LogicType name="NPC" type="npc" defaultResource="p1c1.actor">
		<Property name="sn" valueType="int" value="1020001"/>
		<Property name="position" valueType="vector3" value="42.8617 0 51.79"/>
		<Property name="face" valueType="int" value="0"/>
	</LogicType>
	<LogicType name="NPC" type="npc" defaultResource="p1c1.actor">
		<Property name="sn" valueType="int" value="1020002"/>
		<Property name="position" valueType="vector3" value="56.3641 0 64.785"/>
		<Property name="face" valueType="int" value="0"/>
	</LogicType>
	<LogicType name="NPC" type="npc" defaultResource="p1c1.actor">
		<Property name="sn" valueType="int" value="1020003"/>
		<Property name="position" valueType="vector3" value="64.9019 0 46.4904"/>
		<Property name="face" valueType="int" value="0"/>
	</LogicType>
	<LogicType name="怪物" type="monster" defaultResource="p1c1.actor">
		<Property name="key" valueType="string" value="monster_1"/>
		<Property name="sn" valueType="int" value="100009"/>
		<Property name="position" valueType="vector3" value="64.2298 0 57.0011"/>
		<Property name="num" valueType="int" value="5"/>
		<Property name="active" valueType="bool" value="true"/>
		<Property name="radius" valueType="float" value="3"/>
	</LogicType>
	<LogicType name="NPC" type="npc" defaultResource="p1c1.actor">
		<Property name="sn" valueType="int" value="1020004"/>
		<Property name="position" valueType="vector3" value="78.0103 0 45.1265"/>
		<Property name="face" valueType="int" value="0"/>
	</LogicType>
	<LogicType name="NPC" type="npc" defaultResource="p1c1.actor">
		<Property name="sn" valueType="int" value="1020005"/>
		<Property name="position" valueType="vector3" value="98.6942 0 44.899"/>
		<Property name="face" valueType="int" value="0"/>
	</LogicType>
	<LogicType name="NPC" type="npc" defaultResource="p1c1.actor">
		<Property name="sn" valueType="int" value="1020006"/>
		<Property name="position" valueType="vector3" value="103.326 0 65.5724"/>
		<Property name="face" valueType="int" value="0"/>
	</LogicType>
	<LogicType name="采集物" type="pick" defaultResource="p1c1.actor">
		<Property name="key" valueType="string" value="pick_1"/>
		<Property name="sn" valueType="int" value="20199"/>
		<Property name="position" valueType="vector3" value="81.6654 0 95.8734"/>
		<Property name="num" valueType="int" value="8"/>
		<Property name="radius" valueType="float" value="3"/>
	</LogicType>
	<LogicType name="NPC" type="npc" defaultResource="p1c1.actor">
		<Property name="sn" valueType="int" value="1020007"/>
		<Property name="position" valueType="vector3" value="113.92 0 80.3434"/>
		<Property name="face" valueType="int" value="0"/>
	</LogicType>
	<LogicType name="NPC" type="npc" defaultResource="p1c1.actor">
		<Property name="sn" valueType="int" value="1020008"/>
		<Property name="position" valueType="vector3" value="109.514 0 94.6306"/>
		<Property name="face" valueType="int" value="0"/>
	</LogicType>
	<LogicType name="NPC" type="npc" defaultResource="p1c1.actor">
		<Property name="sn" valueType="int" value="1020009"/>
		<Property name="position" valueType="vector3" value="91.385 0 98.5618"/>
		<Property name="face" valueType="int" value="0"/>
	</LogicType>
	<LogicType name="怪物" type="monster" defaultResource="p1c1.actor">
		<Property name="key" valueType="string" value="monster_2"/>
		<Property name="sn" valueType="int" value="100010"/>
		<Property name="position" valueType="vector3" value="77.7742 0 113.174"/>
		<Property name="num" valueType="int" value="8"/>
		<Property name="active" valueType="bool" value="true"/>
		<Property name="radius" valueType="float" value="4"/>
	</LogicType>
	<LogicType name="NPC" type="npc" defaultResource="p1c1.actor">
		<Property name="sn" valueType="int" value="1020010"/>
		<Property name="position" valueType="vector3" value="59.9912 0 100.575"/>
		<Property name="face" valueType="int" value="0"/>
	</LogicType>
	<LogicType name="NPC" type="npc" defaultResource="p1c1.actor">
		<Property name="sn" valueType="int" value="1020011"/>
		<Property name="position" valueType="vector3" value="65.0564 0 114.012"/>
		<Property name="face" valueType="int" value="0"/>
	</LogicType>
	<LogicType name="NPC" type="npc" defaultResource="p1c1.actor">
		<Property name="sn" valueType="int" value="1020012"/>
		<Property name="position" valueType="vector3" value="27.7038 0 105.736"/>
		<Property name="face" valueType="int" value="0"/>
	</LogicType>
	<LogicType name="采集物" type="pick" defaultResource="p1c1.actor">
		<Property name="key" valueType="string" value="pick_2"/>
		<Property name="sn" valueType="int" value="20198"/>
		<Property name="position" valueType="vector3" value="27.0722 0 93.7844"/>
		<Property name="num" valueType="int" value="6"/>
		<Property name="radius" valueType="float" value="2"/>
	</LogicType>
	<LogicType name="NPC" type="npc" defaultResource="p1c1.actor">
		<Property name="sn" valueType="int" value="1020013"/>
		<Property name="position" valueType="vector3" value="31.7678 0 99.2107"/>
		<Property name="face" valueType="int" value="0"/>
	</LogicType>
	<LogicType name="NPC" type="npc" defaultResource="p1c1.actor">
		<Property name="sn" valueType="int" value="1020014"/>
		<Property name="position" valueType="vector3" value="39.0577 0 122.671"/>
		<Property name="face" valueType="int" value="0"/>
	</LogicType>
	<LogicType name="NPC" type="npc" defaultResource="p1c1.actor">
		<Property name="sn" valueType="int" value="1020015"/>
		<Property name="position" valueType="vector3" value="47.2684 0 136.198"/>
		<Property name="face" valueType="int" value="0"/>
	</LogicType>
	<LogicType name="怪物" type="monster" defaultResource="p1c1.actor">
		<Property name="key" valueType="string" value="monster_3"/>
		<Property name="sn" valueType="int" value="100011"/>
		<Property name="position" valueType="vector3" value="56.9489 0 130.731"/>
		<Property name="num" valueType="int" value="8"/>
		<Property name="active" valueType="bool" value="true"/>
		<Property name="radius" valueType="float" value="4"/>
	</LogicType>
	<LogicType name="NPC" type="npc" defaultResource="p1c1.actor">
		<Property name="sn" valueType="int" value="1020016"/>
		<Property name="position" valueType="vector3" value="32.7067 0 136.882"/>
		<Property name="face" valueType="int" value="0"/>
	</LogicType>
	<LogicType name="NPC" type="npc" defaultResource="p1c1.actor">
		<Property name="sn" valueType="int" value="1020017"/>
		<Property name="position" valueType="vector3" value="17.8192 0 126.726"/>
		<Property name="face" valueType="int" value="0"/>
	</LogicType>
	<LogicType name="NPC" type="npc" defaultResource="p1c1.actor">
		<Property name="sn" valueType="int" value="1020018"/>
		<Property name="position" valueType="vector3" value="22.8043 0 147.75"/>
		<Property name="face" valueType="int" value="0"/>
	</LogicType>
	<LogicType name="NPC" type="npc" defaultResource="p1c1.actor">
		<Property name="sn" valueType="int" value="1020019"/>
		<Property name="position" valueType="vector3" value="46.1879 0 152.887"/>
		<Property name="face" valueType="int" value="0"/>
	</LogicType>
	<LogicType name="怪物" type="monster" defaultResource="p1c1.actor">
		<Property name="key" valueType="string" value="monster_4"/>
		<Property name="sn" valueType="int" value="100012"/>
		<Property name="position" valueType="vector3" value="52.6099 0 163.24"/>
		<Property name="num" valueType="int" value="2"/>
		<Property name="active" valueType="bool" value="true"/>
		<Property name="radius" valueType="float" value="1"/>
	</LogicType>
	<LogicType name="怪物" type="monster" defaultResource="p1c1.actor">
		<Property name="key" valueType="string" value="monster_42"/>
		<Property name="sn" valueType="int" value="100012"/>
		<Property name="position" valueType="vector3" value="58.2532 0 153.081"/>
		<Property name="num" valueType="int" value="2"/>
		<Property name="active" valueType="bool" value="true"/>
		<Property name="radius" valueType="float" value="1"/>
	</LogicType>
	<LogicType name="怪物" type="monster" defaultResource="p1c1.actor">
		<Property name="key" valueType="string" value="monster_43"/>
		<Property name="sn" valueType="int" value="100012"/>
		<Property name="position" valueType="vector3" value="60.8368 0 152.261"/>
		<Property name="num" valueType="int" value="2"/>
		<Property name="active" valueType="bool" value="true"/>
		<Property name="radius" valueType="float" value="1"/>
	</LogicType>
	<LogicType name="怪物" type="monster" defaultResource="p1c1.actor">
		<Property name="key" valueType="string" value="monster_44"/>
		<Property name="sn" valueType="int" value="100012"/>
		<Property name="position" valueType="vector3" value="50.0319 0 162.464"/>
		<Property name="num" valueType="int" value="2"/>
		<Property name="active" valueType="bool" value="true"/>
		<Property name="radius" valueType="float" value="1"/>
	</LogicType>
	<LogicType name="NPC" type="npc" defaultResource="p1c1.actor">
		<Property name="sn" valueType="int" value="1020020"/>
		<Property name="position" valueType="vector3" value="81.6715 0 151.333"/>
		<Property name="face" valueType="int" value="0"/>
	</LogicType>
	<LogicType name="NPC" type="npc" defaultResource="p1c1.actor">
		<Property name="sn" valueType="int" value="1020021"/>
		<Property name="position" valueType="vector3" value="97.7698 0 165.723"/>
		<Property name="face" valueType="int" value="0"/>
	</LogicType>
	<LogicType name="NPC" type="npc" defaultResource="p1c1.actor">
		<Property name="sn" valueType="int" value="1020022"/>
		<Property name="position" valueType="vector3" value="103.773 0 177.687"/>
		<Property name="face" valueType="int" value="0"/>
	</LogicType>
	<LogicType name="NPC" type="npc" defaultResource="p1c1.actor">
		<Property name="sn" valueType="int" value="1020023"/>
		<Property name="position" valueType="vector3" value="109.4 0 160.212"/>
		<Property name="face" valueType="int" value="0"/>
	</LogicType>
	<LogicType name="传送区域" type="areaStageSwitch" defaultResource="chuansong.actor">
		<Property name="key" valueType="string" value="areaStageSwitch_2"/>
		<Property name="position" valueType="vector3" value="119.326 0 157.324"/>
		<Property name="radius" valueType="float" value="2"/>
	</LogicType>
	<LogicType name="出现区域" type="areaAppear" defaultResource="p1c1.actor">
		<Property name="key" valueType="string" value="areaAppear_2"/>
		<Property name="position" valueType="vector3" value="98.3221 0 146.173"/>
		<Property name="radius" valueType="float" value="2"/>
	</LogicType>
	<LogicType name="出现区域" type="areaAppear" defaultResource="p1c1.actor">
		<Property name="key" valueType="string" value="areaAppear_3"/>
		<Property name="position" valueType="vector3" value="80.1596 0 102.302"/>
		<Property name="radius" valueType="float" value="2"/>
	</LogicType>
	<LogicType name="传送区域" type="areaStageSwitch" defaultResource="chuansong.actor">
		<Property name="key" valueType="string" value="areaStageSwitch_3"/>
		<Property name="position" valueType="vector3" value="65.2563 0 96.6263"/>
		<Property name="radius" valueType="float" value="3"/>
	</LogicType>
	<LogicType name="出现区域" type="areaAppear" defaultResource="p1c1.actor">
		<Property name="key" valueType="string" value="areaAppear_9"/>
		<Property name="position" valueType="vector3" value="52.5932 0 61.6795"/>
		<Property name="radius" valueType="float" value="2"/>
	</LogicType>
	<LogicType name="出现区域" type="areaAppear" defaultResource="p1c1.actor">
		<Property name="key" valueType="string" value="areaAppear_8"/>
		<Property name="position" valueType="vector3" value="95.7229 0 48.2475"/>
		<Property name="radius" valueType="float" value="2"/>
	</LogicType>
	<LogicType name="出现区域" type="areaAppear" defaultResource="p1c1.actor">
		<Property name="key" valueType="string" value="areaAppear_7"/>
		<Property name="position" valueType="vector3" value="105.158 0 62.7271"/>
		<Property name="radius" valueType="float" value="2"/>
	</LogicType>
</LogicTypeRoot>

