<?xml version='1.0' encoding='utf-8' ?>
<LogicTypeRoot>
	<LogicType name="传送区域" type="areaStageSwitch" defaultResource="chuansong.actor">
		<Property name="key" valueType="string" value="areaStageSwitch_1"/>
		<Property name="position" valueType="vector3" value="29.2253 0 82.5806"/>
		<Property name="radius" valueType="float" value="3"/>
	</LogicType>
	<LogicType name="传送区域" type="areaStageSwitch" defaultResource="chuansong.actor">
		<Property name="key" valueType="string" value="areaStageSwitch_3"/>
		<Property name="position" valueType="vector3" value="13.416 0 22.2727"/>
		<Property name="radius" valueType="float" value="3"/>
	</LogicType>
	<LogicType name="传送区域" type="areaStageSwitch" defaultResource="chuansong.actor">
		<Property name="key" valueType="string" value="areaStageSwitch_2"/>
		<Property name="position" valueType="vector3" value="79.5088 0 25.8965"/>
		<Property name="radius" valueType="float" value="3"/>
	</LogicType>
	<LogicType name="出现区域" type="areaAppear" defaultResource="p0c1_005.actor">
		<Property name="key" valueType="string" value="areaAppear_1"/>
		<Property name="position" valueType="vector3" value="27.8294 0 87.2658"/>
		<Property name="radius" valueType="float" value="2"/>
	</LogicType>
	<LogicType name="出现区域" type="areaAppear" defaultResource="p0c1_005.actor">
		<Property name="key" valueType="string" value="areaAppear_2"/>
		<Property name="position" valueType="vector3" value="83.5514 0 29.8247"/>
		<Property name="radius" valueType="float" value="2"/>
	</LogicType>
	<LogicType name="出现区域" type="areaAppear" defaultResource="p0c1_005.actor">
		<Property name="key" valueType="string" value="areaAppear_3"/>
		<Property name="position" valueType="vector3" value="13.9886 0 25.1128"/>
		<Property name="radius" valueType="float" value="2"/>
	</LogicType>
	<LogicType name="NPC" type="npc" defaultResource="p0c1_005.actor">
		<Property name="sn" valueType="int" value="1030001"/>
		<Property name="position" valueType="vector3" value="23.5382 0 89.7205"/>
		<Property name="face" valueType="int" value="0"/>
	</LogicType>
	<LogicType name="NPC" type="npc" defaultResource="p0c1_005.actor">
		<Property name="sn" valueType="int" value="1030002"/>
		<Property name="position" valueType="vector3" value="22.7481 0 101.731"/>
		<Property name="face" valueType="int" value="0"/>
	</LogicType>
	<LogicType name="怪物" type="monster" defaultResource="p0c1_005.actor">
		<Property name="key" valueType="string" value="monster_1"/>
		<Property name="sn" valueType="int" value="100013"/>
		<Property name="position" valueType="vector3" value="13.6516 0 98.9684"/>
		<Property name="num" valueType="int" value="8"/>
		<Property name="active" valueType="bool" value="true"/>
		<Property name="radius" valueType="float" value="4"/>
		<Property name="face" valueType="int" value="0"/>
	</LogicType>
	<LogicType name="NPC" type="npc" defaultResource="p0c1_005.actor">
		<Property name="sn" valueType="int" value="1030003"/>
		<Property name="position" valueType="vector3" value="29.8012 0 110.814"/>
		<Property name="face" valueType="int" value="0"/>
	</LogicType>
	<LogicType name="NPC" type="npc" defaultResource="p0c1_005.actor">
		<Property name="sn" valueType="int" value="1030004"/>
		<Property name="position" valueType="vector3" value="52.4827 0 119.084"/>
		<Property name="face" valueType="int" value="0"/>
	</LogicType>
	<LogicType name="NPC" type="npc" defaultResource="p0c1_005.actor">
		<Property name="sn" valueType="int" value="1030005"/>
		<Property name="position" valueType="vector3" value="68.6322 0 115.085"/>
		<Property name="face" valueType="int" value="0"/>
	</LogicType>
	<LogicType name="NPC" type="npc" defaultResource="p0c1_005.actor">
		<Property name="sn" valueType="int" value="1030006"/>
		<Property name="position" valueType="vector3" value="91.6911 0 112.803"/>
		<Property name="face" valueType="int" value="0"/>
	</LogicType>
	<LogicType name="NPC" type="npc" defaultResource="p0c1_005.actor">
		<Property name="sn" valueType="int" value="1030007"/>
		<Property name="position" valueType="vector3" value="81.9644 0 109.313"/>
		<Property name="face" valueType="int" value="0"/>
	</LogicType>
	<LogicType name="采集物" type="pick" defaultResource="p0c1_005.actor">
		<Property name="key" valueType="string" value="pick_1"/>
		<Property name="sn" valueType="int" value="30199"/>
		<Property name="position" valueType="vector3" value="85.5411 0 120.116"/>
		<Property name="num" valueType="int" value="8"/>
		<Property name="radius" valueType="float" value="3"/>
	</LogicType>
	<LogicType name="怪物" type="monster" defaultResource="p0c1_005.actor">
		<Property name="key" valueType="string" value="monster_2"/>
		<Property name="sn" valueType="int" value="100014"/>
		<Property name="position" valueType="vector3" value="85.1517 0 102.411"/>
		<Property name="num" valueType="int" value="1"/>
		<Property name="active" valueType="bool" value="true"/>
		<Property name="radius" valueType="float" value="1"/>
		<Property name="face" valueType="int" value="0"/>
	</LogicType>
	<LogicType name="怪物" type="monster" defaultResource="p0c1_005.actor">
		<Property name="key" valueType="string" value="monster_21"/>
		<Property name="sn" valueType="int" value="100014"/>
		<Property name="position" valueType="vector3" value="83.7447 0 103.346"/>
		<Property name="num" valueType="int" value="1"/>
		<Property name="active" valueType="bool" value="true"/>
		<Property name="radius" valueType="float" value="1"/>
		<Property name="face" valueType="int" value="0"/>
	</LogicType>
	<LogicType name="怪物" type="monster" defaultResource="p0c1_005.actor">
		<Property name="key" valueType="string" value="monster_22"/>
		<Property name="sn" valueType="int" value="100014"/>
		<Property name="position" valueType="vector3" value="85.7811 0 104.292"/>
		<Property name="num" valueType="int" value="1"/>
		<Property name="active" valueType="bool" value="true"/>
		<Property name="radius" valueType="float" value="1"/>
		<Property name="face" valueType="int" value="0"/>
	</LogicType>
	<LogicType name="怪物" type="monster" defaultResource="p0c1_005.actor">
		<Property name="key" valueType="string" value="monster_23"/>
		<Property name="sn" valueType="int" value="100014"/>
		<Property name="position" valueType="vector3" value="84.5819 0 100.106"/>
		<Property name="num" valueType="int" value="1"/>
		<Property name="active" valueType="bool" value="true"/>
		<Property name="radius" valueType="float" value="1"/>
		<Property name="face" valueType="int" value="0"/>
	</LogicType>
	<LogicType name="怪物" type="monster" defaultResource="p0c1_005.actor">
		<Property name="key" valueType="string" value="monster_24"/>
		<Property name="sn" valueType="int" value="100014"/>
		<Property name="position" valueType="vector3" value="86.8192 0 101.767"/>
		<Property name="num" valueType="int" value="1"/>
		<Property name="active" valueType="bool" value="true"/>
		<Property name="radius" valueType="float" value="1"/>
		<Property name="face" valueType="int" value="0"/>
	</LogicType>
	<LogicType name="怪物" type="monster" defaultResource="p0c1_005.actor">
		<Property name="key" valueType="string" value="monster_25"/>
		<Property name="sn" valueType="int" value="100014"/>
		<Property name="position" valueType="vector3" value="86.1525 0 99.6254"/>
		<Property name="num" valueType="int" value="1"/>
		<Property name="active" valueType="bool" value="true"/>
		<Property name="radius" valueType="float" value="1"/>
		<Property name="face" valueType="int" value="0"/>
	</LogicType>
	<LogicType name="怪物" type="monster" defaultResource="p0c1_005.actor">
		<Property name="key" valueType="string" value="monster_26"/>
		<Property name="sn" valueType="int" value="100014"/>
		<Property name="position" valueType="vector3" value="85.9427 0 96.331"/>
		<Property name="num" valueType="int" value="1"/>
		<Property name="active" valueType="bool" value="true"/>
		<Property name="radius" valueType="float" value="1"/>
		<Property name="face" valueType="int" value="0"/>
	</LogicType>
	<LogicType name="怪物" type="monster" defaultResource="p0c1_005.actor">
		<Property name="key" valueType="string" value="monster_27"/>
		<Property name="sn" valueType="int" value="100014"/>
		<Property name="position" valueType="vector3" value="87.9154 0 97.8262"/>
		<Property name="num" valueType="int" value="1"/>
		<Property name="active" valueType="bool" value="true"/>
		<Property name="radius" valueType="float" value="1"/>
		<Property name="face" valueType="int" value="0"/>
	</LogicType>
	<LogicType name="NPC" type="npc" defaultResource="p0c1_005.actor">
		<Property name="sn" valueType="int" value="1030008"/>
		<Property name="position" valueType="vector3" value="67.375 0 98.5591"/>
		<Property name="face" valueType="int" value="0"/>
	</LogicType>
	<LogicType name="NPC" type="npc" defaultResource="p0c1_005.actor">
		<Property name="sn" valueType="int" value="1030009"/>
		<Property name="position" valueType="vector3" value="59.4942 0 95.8604"/>
		<Property name="face" valueType="int" value="0"/>
	</LogicType>
	<LogicType name="NPC" type="npc" defaultResource="p0c1_005.actor">
		<Property name="sn" valueType="int" value="1030010"/>
		<Property name="position" valueType="vector3" value="75.9708 0 88.4905"/>
		<Property name="face" valueType="int" value="0"/>
	</LogicType>
	<LogicType name="NPC" type="npc" defaultResource="p0c1_005.actor">
		<Property name="sn" valueType="int" value="1030011"/>
		<Property name="position" valueType="vector3" value="75.3734 0 77.0053"/>
		<Property name="face" valueType="int" value="0"/>
	</LogicType>
	<LogicType name="NPC" type="npc" defaultResource="p0c1_005.actor">
		<Property name="sn" valueType="int" value="1030012"/>
		<Property name="position" valueType="vector3" value="82.5627 0 69.8949"/>
		<Property name="face" valueType="int" value="0"/>
	</LogicType>
	<LogicType name="怪物" type="monster" defaultResource="p0c1_005.actor">
		<Property name="key" valueType="string" value="monster_3"/>
		<Property name="sn" valueType="int" value="100015"/>
		<Property name="position" valueType="vector3" value="66.0419 0 88.6832"/>
		<Property name="num" valueType="int" value="8"/>
		<Property name="active" valueType="bool" value="true"/>
		<Property name="radius" valueType="float" value="4"/>
		<Property name="face" valueType="int" value="0"/>
	</LogicType>
	<LogicType name="采集物" type="pick" defaultResource="p0c1_005.actor">
		<Property name="key" valueType="string" value="pick_2"/>
		<Property name="sn" valueType="int" value="30198"/>
		<Property name="position" valueType="vector3" value="88.1592 0 59.2333"/>
		<Property name="num" valueType="int" value="8"/>
		<Property name="radius" valueType="float" value="3"/>
	</LogicType>
	<LogicType name="NPC" type="npc" defaultResource="p0c1_005.actor">
		<Property name="sn" valueType="int" value="1030013"/>
		<Property name="position" valueType="vector3" value="86.5982 0 40.9727"/>
		<Property name="face" valueType="int" value="0"/>
	</LogicType>
	<LogicType name="NPC" type="npc" defaultResource="p0c1_005.actor">
		<Property name="sn" valueType="int" value="1030014"/>
		<Property name="position" valueType="vector3" value="70.9484 0 29.7147"/>
		<Property name="face" valueType="int" value="0"/>
	</LogicType>
	<LogicType name="NPC" type="npc" defaultResource="p0c1_005.actor">
		<Property name="sn" valueType="int" value="1030015"/>
		<Property name="position" valueType="vector3" value="42.0404 0 37.242"/>
		<Property name="face" valueType="int" value="0"/>
	</LogicType>
	<LogicType name="NPC" type="npc" defaultResource="p0c1_005.actor">
		<Property name="sn" valueType="int" value="1030016"/>
		<Property name="position" valueType="vector3" value="29.7449 0 43.0203"/>
		<Property name="face" valueType="int" value="0"/>
	</LogicType>
	<LogicType name="NPC" type="npc" defaultResource="p0c1_005.actor">
		<Property name="sn" valueType="int" value="1030017"/>
		<Property name="position" valueType="vector3" value="6.9713 0 29.2378"/>
		<Property name="face" valueType="int" value="0"/>
	</LogicType>
	<LogicType name="怪物" type="monster" defaultResource="p0c1_005.actor">
		<Property name="key" valueType="string" value="monster_4"/>
		<Property name="sn" valueType="int" value="100016"/>
		<Property name="position" valueType="vector3" value="31.5821 0 29.9344"/>
		<Property name="num" valueType="int" value="10"/>
		<Property name="active" valueType="bool" value="true"/>
		<Property name="radius" valueType="float" value="4"/>
		<Property name="face" valueType="int" value="0"/>
	</LogicType>
	<LogicType name="出现区域" type="areaAppear" defaultResource="p0c1_005.actor">
		<Property name="key" valueType="string" value="areaAppear_9"/>
		<Property name="position" valueType="vector3" value="69.8144 0 96.2137"/>
		<Property name="radius" valueType="float" value="2"/>
	</LogicType>
	<LogicType name="出现区域" type="areaAppear" defaultResource="p0c1_005.actor">
		<Property name="key" valueType="string" value="areaAppear_8"/>
		<Property name="position" valueType="vector3" value="32.9564 0 42.4381"/>
		<Property name="radius" valueType="float" value="2"/>
	</LogicType>
</LogicTypeRoot>

