<?xml version='1.0' encoding='utf-8' ?>
<LogicTypeRoot>
	<LogicType name="出现区域" type="areaAppear" defaultResource="chuansong.actor">
		<Property name="key" valueType="string" value="areaAppear_1"/>
		<Property name="position" valueType="vector3" value="77.6619 0 108.951"/>
		<Property name="radius" valueType="float" value="2"/>
	</LogicType>
	<LogicType name="传送区域" type="areaStageSwitch" defaultResource="chuansong.actor">
		<Property name="key" valueType="string" value="areaStageSwitch_1"/>
		<Property name="position" valueType="vector3" value="73.5687 0 105.987"/>
		<Property name="radius" valueType="float" value="3"/>
	</LogicType>
	<LogicType name="NPC" type="npc" defaultResource="p0c1_005.actor">
		<Property name="sn" valueType="int" value="1040001"/>
		<Property name="position" valueType="vector3" value="34.4967 0 180.649"/>
		<Property name="face" valueType="int" value="0"/>
	</LogicType>
	<LogicType name="NPC" type="npc" defaultResource="p0c1_005.actor">
		<Property name="sn" valueType="int" value="1040002"/>
		<Property name="position" valueType="vector3" value="45.1397 0 170.462"/>
		<Property name="face" valueType="int" value="0"/>
	</LogicType>
	<LogicType name="采集物" type="pick" defaultResource="p0c1_005.actor">
		<Property name="key" valueType="string" value="pick_1"/>
		<Property name="sn" valueType="int" value="40199"/>
		<Property name="position" valueType="vector3" value="36.6047 0 169.585"/>
		<Property name="num" valueType="int" value="10"/>
		<Property name="radius" valueType="float" value="3"/>
	</LogicType>
	<LogicType name="NPC" type="npc" defaultResource="p0c1_005.actor">
		<Property name="sn" valueType="int" value="1040003"/>
		<Property name="position" valueType="vector3" value="37.5646 0 155.179"/>
		<Property name="face" valueType="int" value="0"/>
	</LogicType>
	<LogicType name="怪物" type="monster" defaultResource="p0c1_005.actor">
		<Property name="key" valueType="string" value="monster_1"/>
		<Property name="sn" valueType="int" value="100017"/>
		<Property name="position" valueType="vector3" value="33.9359 0 139.553"/>
		<Property name="num" valueType="int" value="10"/>
		<Property name="active" valueType="bool" value="true"/>
		<Property name="radius" valueType="float" value="4"/>
		<Property name="face" valueType="int" value="0"/>
	</LogicType>
	<LogicType name="NPC" type="npc" defaultResource="p0c1_005.actor">
		<Property name="sn" valueType="int" value="1040004"/>
		<Property name="position" valueType="vector3" value="41.6213 0 139.065"/>
		<Property name="face" valueType="int" value="0"/>
	</LogicType>
	<LogicType name="NPC" type="npc" defaultResource="p0c1_005.actor">
		<Property name="sn" valueType="int" value="1040005"/>
		<Property name="position" valueType="vector3" value="46.5205 0 130.876"/>
		<Property name="face" valueType="int" value="0"/>
	</LogicType>
	<LogicType name="采集物" type="pick" defaultResource="p0c1_005.actor">
		<Property name="key" valueType="string" value="pick_2"/>
		<Property name="sn" valueType="int" value="40198"/>
		<Property name="position" valueType="vector3" value="51.9773 0 124.238"/>
		<Property name="num" valueType="int" value="10"/>
		<Property name="radius" valueType="float" value="4"/>
	</LogicType>
	<LogicType name="NPC" type="npc" defaultResource="p0c1_005.actor">
		<Property name="sn" valueType="int" value="1040006"/>
		<Property name="position" valueType="vector3" value="65.3331 0 131.873"/>
		<Property name="face" valueType="int" value="0"/>
	</LogicType>
	<LogicType name="NPC" type="npc" defaultResource="p0c1_005.actor">
		<Property name="sn" valueType="int" value="1040007"/>
		<Property name="position" valueType="vector3" value="71.4133 0 146.561"/>
		<Property name="face" valueType="int" value="0"/>
	</LogicType>
	<LogicType name="NPC" type="npc" defaultResource="p0c1_005.actor">
		<Property name="sn" valueType="int" value="1040008"/>
		<Property name="position" valueType="vector3" value="67.2329 0 161.723"/>
		<Property name="face" valueType="int" value="0"/>
	</LogicType>
	<LogicType name="NPC" type="npc" defaultResource="p0c1_005.actor">
		<Property name="sn" valueType="int" value="1040009"/>
		<Property name="position" valueType="vector3" value="77.3057 0 163.725"/>
		<Property name="face" valueType="int" value="0"/>
	</LogicType>
	<LogicType name="怪物" type="monster" defaultResource="p0c1_005.actor">
		<Property name="key" valueType="string" value="monster_2"/>
		<Property name="sn" valueType="int" value="100018"/>
		<Property name="position" valueType="vector3" value="68.2655 0 172.74"/>
		<Property name="num" valueType="int" value="10"/>
		<Property name="active" valueType="bool" value="true"/>
		<Property name="radius" valueType="float" value="4"/>
		<Property name="face" valueType="int" value="0"/>
	</LogicType>
	<LogicType name="NPC" type="npc" defaultResource="p0c1_005.actor">
		<Property name="sn" valueType="int" value="1040010"/>
		<Property name="position" valueType="vector3" value="79.4646 0 182.821"/>
		<Property name="face" valueType="int" value="0"/>
	</LogicType>
	<LogicType name="NPC" type="npc" defaultResource="p0c1_005.actor">
		<Property name="sn" valueType="int" value="1040011"/>
		<Property name="position" valueType="vector3" value="111.367 0 139.617"/>
		<Property name="face" valueType="int" value="0"/>
	</LogicType>
	<LogicType name="NPC" type="npc" defaultResource="p0c1_005.actor">
		<Property name="sn" valueType="int" value="1040012"/>
		<Property name="position" valueType="vector3" value="96.2779 0 130.454"/>
		<Property name="face" valueType="int" value="0"/>
	</LogicType>
	<LogicType name="采集物" type="pick" defaultResource="p0c1_005.actor">
		<Property name="key" valueType="string" value="pick_3"/>
		<Property name="sn" valueType="int" value="40197"/>
		<Property name="position" valueType="vector3" value="102.764 0 116.051"/>
		<Property name="num" valueType="int" value="10"/>
		<Property name="radius" valueType="float" value="4"/>
	</LogicType>
	<LogicType name="NPC" type="npc" defaultResource="p0c1_005.actor">
		<Property name="sn" valueType="int" value="1040013"/>
		<Property name="position" valueType="vector3" value="76.3385 0 126.247"/>
		<Property name="face" valueType="int" value="0"/>
	</LogicType>
	<LogicType name="NPC" type="npc" defaultResource="p0c1_005.actor">
		<Property name="sn" valueType="int" value="1040014"/>
		<Property name="position" valueType="vector3" value="77.5538 0 116.381"/>
		<Property name="face" valueType="int" value="0"/>
	</LogicType>
	<LogicType name="NPC" type="npc" defaultResource="p0c1_005.actor">
		<Property name="sn" valueType="int" value="1040015"/>
		<Property name="position" valueType="vector3" value="91.7618 0 79.5634"/>
		<Property name="face" valueType="int" value="0"/>
	</LogicType>
	<LogicType name="怪物" type="monster" defaultResource="p0c1_005.actor">
		<Property name="key" valueType="string" value="monster_3"/>
		<Property name="sn" valueType="int" value="100019"/>
		<Property name="position" valueType="vector3" value="103.889 0 60.5889"/>
		<Property name="num" valueType="int" value="10"/>
		<Property name="active" valueType="bool" value="true"/>
		<Property name="radius" valueType="float" value="4"/>
		<Property name="face" valueType="int" value="0"/>
	</LogicType>
	<LogicType name="怪物" type="monster" defaultResource="p0c1_005.actor">
		<Property name="key" valueType="string" value="monster_4"/>
		<Property name="sn" valueType="int" value="100020"/>
		<Property name="position" valueType="vector3" value="56.2153 0 53.3443"/>
		<Property name="num" valueType="int" value="10"/>
		<Property name="active" valueType="bool" value="true"/>
		<Property name="radius" valueType="float" value="4"/>
		<Property name="face" valueType="int" value="0"/>
	</LogicType>
	<LogicType name="NPC" type="npc" defaultResource="p0c1_005.actor">
		<Property name="sn" valueType="int" value="1040016"/>
		<Property name="position" valueType="vector3" value="91.7632 0 41.9158"/>
		<Property name="face" valueType="int" value="0"/>
	</LogicType>
	<LogicType name="NPC" type="npc" defaultResource="p0c1_005.actor">
		<Property name="sn" valueType="int" value="1040017"/>
		<Property name="position" valueType="vector3" value="43.768 0 75.0921"/>
		<Property name="face" valueType="int" value="0"/>
	</LogicType>
	<LogicType name="NPC" type="npc" defaultResource="p0c1_005.actor">
		<Property name="sn" valueType="int" value="1040018"/>
		<Property name="position" valueType="vector3" value="23.6568 0 88.9719"/>
		<Property name="face" valueType="int" value="0"/>
	</LogicType>
	<LogicType name="传送区域" type="areaStageSwitch" defaultResource="chuansong.actor">
		<Property name="key" valueType="string" value="areaStageSwitch_2"/>
		<Property name="position" valueType="vector3" value="19.5731 0 186.137"/>
		<Property name="radius" valueType="float" value="3"/>
	</LogicType>
	<LogicType name="出现区域" type="areaAppear" defaultResource="p0c1_005.actor">
		<Property name="key" valueType="string" value="areaAppear_2"/>
		<Property name="position" valueType="vector3" value="25.0383 0 188.212"/>
		<Property name="radius" valueType="float" value="2"/>
	</LogicType>
	<LogicType name="怪物" type="monster" defaultResource="p0c1_005.actor">
		<Property name="key" valueType="string" value="monster_4"/>
		<Property name="sn" valueType="int" value="101001"/>
		<Property name="position" valueType="vector3" value="58.6041 0 104.392"/>
		<Property name="num" valueType="int" value="1"/>
		<Property name="active" valueType="bool" value="true"/>
		<Property name="radius" valueType="float" value="100"/>
		<Property name="face" valueType="int" value="0"/>
	</LogicType>
	<LogicType name="一片空白区域（用来在地图上设置坐标点，后端程序能够拿到指定坐标）" type="areaCommon" defaultResource="chuansong2.actor">
		<Property name="key" valueType="string" value="stageBoss_1"/>
		<Property name="position" valueType="vector3" value="92.1629 0 45.4149"/>
		<Property name="radius" valueType="float" value="2"/>
		<Property name="subType" valueType="string" value="stageBoss"/>
	</LogicType>
	<LogicType name="一片空白区域（用来在地图上设置坐标点，后端程序能够拿到指定坐标）" type="areaCommon" defaultResource="chuansong2.actor">
		<Property name="key" valueType="string" value="stageBoss_2"/>
		<Property name="position" valueType="vector3" value="23.3058 3.8147e-006 46.3403"/>
		<Property name="radius" valueType="float" value="2"/>
		<Property name="subType" valueType="string" value="stageBoss"/>
	</LogicType>
	<LogicType name="一片空白区域（用来在地图上设置坐标点，后端程序能够拿到指定坐标）" type="areaCommon" defaultResource="chuansong2.actor">
		<Property name="key" valueType="string" value="stageBoss_3"/>
		<Property name="position" valueType="vector3" value="53.055 0 177.543"/>
		<Property name="radius" valueType="float" value="2"/>
		<Property name="subType" valueType="string" value="stageBoss"/>
	</LogicType>
	<LogicType name="一片空白区域（用来在地图上设置坐标点，后端程序能够拿到指定坐标）" type="areaCommon" defaultResource="chuansong2.actor">
		<Property name="key" valueType="string" value="stageBoss_4"/>
		<Property name="position" valueType="vector3" value="95.6249 1.90735e-006 154.455"/>
		<Property name="radius" valueType="float" value="2"/>
		<Property name="subType" valueType="string" value="stageBoss"/>
	</LogicType>
</LogicTypeRoot>

