<?xml version='1.0' encoding='utf-8' ?>
<LogicTypeRoot>
	<LogicType name="出现区域" type="areaAppear" defaultResource="p0c2.actor">
		<Property name="key" valueType="string" value="areaAppear_1"/>
		<Property name="position" valueType="vector3" value="14.7509 0.0431037 45.6642"/>
		<Property name="radius" valueType="float" value="2"/>
	</LogicType>
	<LogicType name="副本结束区域" type="areaInstanceLeave" defaultResource="chuansong2.actor">
		<Property name="key" valueType="string" value="areaInstanceLeave_0"/>
		<Property name="position" valueType="vector3" value="19.9261 0 39.9415"/>
		<Property name="radius" valueType="float" value="1.5"/>
	</LogicType>
	<LogicType name="女王" type="monster" defaultResource="n1_010.actor">
		<Property name="key" valueType="string" value="queen"/>
		<Property name="sn" valueType="int" value="3040001"/>
		<Property name="position" valueType="vector3" value="19.8835 9.53674e-007 39.7078"/>
		<Property name="num" valueType="int" value="1"/>
		<Property name="active" valueType="bool" value="true"/>
		<Property name="face" valueType="int" value="0"/>
		<Property name="showHp" valueType="bool" value="true"/>
	</LogicType>
	<LogicType name="一片空白区域（用来在地图上设置坐标点，后端程序能够拿到指定坐标）" type="areaCommon" defaultResource="chuansong2.actor">
		<Property name="key" valueType="string" value="areaMonsterSwitch_3"/>
		<Property name="position" valueType="vector3" value="11.924 2.21501 52.5241"/>
		<Property name="radius" valueType="float" value="1"/>
	</LogicType>
	<LogicType name="一片空白区域（用来在地图上设置坐标点，后端程序能够拿到指定坐标）" type="areaCommon" defaultResource="chuansong2.actor">
		<Property name="key" valueType="string" value="areaMonsterSwitch_1"/>
		<Property name="position" valueType="vector3" value="28.5507 1.90735e-006 34.3128"/>
		<Property name="radius" valueType="float" value="1"/>
	</LogicType>
	<LogicType name="一片空白区域（用来在地图上设置坐标点，后端程序能够拿到指定坐标）" type="areaCommon" defaultResource="chuansong2.actor">
		<Property name="key" valueType="string" value="areaMonsterSwitch_2"/>
		<Property name="position" valueType="vector3" value="27.5611 0.105439 51.451"/>
		<Property name="radius" valueType="float" value="1"/>
	</LogicType>
	<LogicType name="一片空白区域（用来在地图上设置坐标点，后端程序能够拿到指定坐标）" type="areaCommon" defaultResource="chuansong2.actor">
		<Property name="key" valueType="string" value="areaMonsterSwitch_4"/>
		<Property name="position" valueType="vector3" value="11.5226 -1.90735e-006 34.1447"/>
		<Property name="radius" valueType="float" value="1"/>
	</LogicType>
	<LogicType name="一片空白区域（用来在地图上设置坐标点，后端程序能够拿到指定坐标）" type="areaCommon" defaultResource="chuansong2.actor">
		<Property name="key" valueType="string" value="areaMonsterAppear_2"/>
		<Property name="position" valueType="vector3" value="31.055 0.624649 55.0664"/>
		<Property name="radius" valueType="float" value="2"/>
	</LogicType>
	<LogicType name="一片空白区域（用来在地图上设置坐标点，后端程序能够拿到指定坐标）" type="areaCommon" defaultResource="chuansong2.actor">
		<Property name="key" valueType="string" value="areaMonsterAppear_1"/>
		<Property name="position" valueType="vector3" value="31.5587 -1.90735e-006 31.1287"/>
		<Property name="radius" valueType="float" value="2"/>
	</LogicType>
	<LogicType name="一片空白区域（用来在地图上设置坐标点，后端程序能够拿到指定坐标）" type="areaCommon" defaultResource="chuansong2.actor">
		<Property name="key" valueType="string" value="areaMonsterAppear_3"/>
		<Property name="position" valueType="vector3" value="8.07985 0.808272 55.0664"/>
		<Property name="radius" valueType="float" value="2"/>
	</LogicType>
	<LogicType name="一片空白区域（用来在地图上设置坐标点，后端程序能够拿到指定坐标）" type="areaCommon" defaultResource="chuansong2.actor">
		<Property name="key" valueType="string" value="areaMonsterAppear_4"/>
		<Property name="position" valueType="vector3" value="8.19188 -1.90735e-006 30.7847"/>
		<Property name="radius" valueType="float" value="2"/>
	</LogicType>
	<LogicType name="一片空白区域（用来在地图上设置坐标点，后端程序能够拿到指定坐标）" type="areaCommon" defaultResource="chuansong2.actor">
		<Property name="key" valueType="string" value="areaMonsterAtk"/>
		<Property name="position" valueType="vector3" value="19.962 0 39.9038"/>
		<Property name="radius" valueType="float" value="2"/>
	</LogicType>
</LogicTypeRoot>

