<?xml version='1.0' encoding='utf-8' ?>
<LogicTypeRoot>
	<LogicType name="出现区域" type="areaAppear" defaultResource="p0c2.actor">
		<Property name="key" valueType="string" value="areaAppear_1"/>
		<Property name="position" valueType="vector3" value="18.1692 0 93.2685"/>
		<Property name="radius" valueType="float" value="2"/>
	</LogicType>
	<LogicType name="通用单元" type="common" defaultResource="p0c2.actor">
		<Property name="key" valueType="string" value="common_1"/>
		<Property name="sn" valueType="int" value="1"/>
		<Property name="position" valueType="vector3" value="78.0201 0 80.4021"/>
	</LogicType>
	<LogicType name="怪物" type="monster" defaultResource="p0c2.actor">
		<Property name="key" valueType="string" value="monster_1"/>
		<Property name="sn" valueType="int" value="7000040"/>
		<Property name="position" valueType="vector3" value="39.1229 0 69.3683"/>
		<Property name="active" valueType="bool" value="false"/>
		<Property name="num" valueType="int" value="1"/>
		<Property name="radius" valueType="float" value="0.5"/>
		<Property name="face" valueType="int" value="-1"/>
	</LogicType>
	<LogicType name="怪物" type="monster" defaultResource="p0c2.actor">
		<Property name="key" valueType="string" value="monster_4"/>
		<Property name="sn" valueType="int" value="7000040"/>
		<Property name="position" valueType="vector3" value="41.0721 0 71.1172"/>
		<Property name="active" valueType="bool" value="false"/>
		<Property name="num" valueType="int" value="1"/>
		<Property name="radius" valueType="float" value="0.5"/>
		<Property name="face" valueType="int" value="-1"/>
	</LogicType>
	<LogicType name="怪物" type="monster" defaultResource="p0c2.actor">
		<Property name="key" valueType="string" value="monster_2"/>
		<Property name="sn" valueType="int" value="7000040"/>
		<Property name="position" valueType="vector3" value="40.2574 0 67.8642"/>
		<Property name="active" valueType="bool" value="false"/>
		<Property name="num" valueType="int" value="1"/>
		<Property name="radius" valueType="float" value="0.5"/>
		<Property name="face" valueType="int" value="-1"/>
	</LogicType>
	<LogicType name="怪物" type="monster" defaultResource="p0c2.actor">
		<Property name="key" valueType="string" value="monster_6"/>
		<Property name="sn" valueType="int" value="7000040"/>
		<Property name="position" valueType="vector3" value="43.4338 0 68.5704"/>
		<Property name="active" valueType="bool" value="false"/>
		<Property name="num" valueType="int" value="1"/>
		<Property name="radius" valueType="float" value="0.5"/>
		<Property name="face" valueType="int" value="-1"/>
	</LogicType>
	<LogicType name="怪物" type="monster" defaultResource="p0c2.actor">
		<Property name="key" valueType="string" value="monster_3"/>
		<Property name="sn" valueType="int" value="7000040"/>
		<Property name="position" valueType="vector3" value="41.6196 0 66.6454"/>
		<Property name="active" valueType="bool" value="false"/>
		<Property name="num" valueType="int" value="1"/>
		<Property name="radius" valueType="float" value="0.5"/>
		<Property name="face" valueType="int" value="-1"/>
	</LogicType>
	<LogicType name="怪物" type="monster" defaultResource="p0c2.actor">
		<Property name="key" valueType="string" value="monster_7"/>
		<Property name="sn" valueType="int" value="7000035"/>
		<Property name="position" valueType="vector3" value="43.8264 0 59.7382"/>
		<Property name="active" valueType="bool" value="false"/>
		<Property name="num" valueType="int" value="1"/>
		<Property name="radius" valueType="float" value="0.5"/>
		<Property name="face" valueType="int" value="-1"/>
	</LogicType>
	<LogicType name="怪物" type="monster" defaultResource="p0c2.actor">
		<Property name="key" valueType="string" value="monster_9"/>
		<Property name="sn" valueType="int" value="7000035"/>
		<Property name="position" valueType="vector3" value="45.6763 0 61.686"/>
		<Property name="active" valueType="bool" value="false"/>
		<Property name="num" valueType="int" value="1"/>
		<Property name="radius" valueType="float" value="0.5"/>
		<Property name="face" valueType="int" value="-1"/>
	</LogicType>
	<LogicType name="怪物" type="monster" defaultResource="p0c2.actor">
		<Property name="key" valueType="string" value="monster_5"/>
		<Property name="sn" valueType="int" value="7000040"/>
		<Property name="position" valueType="vector3" value="42.2079 0 69.7328"/>
		<Property name="active" valueType="bool" value="false"/>
		<Property name="num" valueType="int" value="1"/>
		<Property name="radius" valueType="float" value="0.5"/>
		<Property name="face" valueType="int" value="-1"/>
	</LogicType>
	<LogicType name="怪物" type="monster" defaultResource="p0c2.actor">
		<Property name="key" valueType="string" value="monster_12"/>
		<Property name="sn" valueType="int" value="7000040"/>
		<Property name="position" valueType="vector3" value="50.8022 0 46.4279"/>
		<Property name="active" valueType="bool" value="false"/>
		<Property name="num" valueType="int" value="1"/>
		<Property name="radius" valueType="float" value="0.5"/>
		<Property name="face" valueType="int" value="-1"/>
	</LogicType>
	<LogicType name="怪物" type="monster" defaultResource="p0c2.actor">
		<Property name="key" valueType="string" value="monster_8"/>
		<Property name="sn" valueType="int" value="7000035"/>
		<Property name="position" valueType="vector3" value="48.7446 0 64.9706"/>
		<Property name="active" valueType="bool" value="false"/>
		<Property name="num" valueType="int" value="1"/>
		<Property name="radius" valueType="float" value="0.5"/>
		<Property name="face" valueType="int" value="-1"/>
	</LogicType>
	<LogicType name="怪物" type="monster" defaultResource="p0c2.actor">
		<Property name="key" valueType="string" value="monster_17"/>
		<Property name="sn" valueType="int" value="7000035"/>
		<Property name="position" valueType="vector3" value="66.8066 0 52.8894"/>
		<Property name="active" valueType="bool" value="false"/>
		<Property name="num" valueType="int" value="1"/>
		<Property name="radius" valueType="float" value="0.5"/>
		<Property name="face" valueType="int" value="-1"/>
	</LogicType>
	<LogicType name="怪物" type="monster" defaultResource="p0c2.actor">
		<Property name="key" valueType="string" value="monster_18"/>
		<Property name="sn" valueType="int" value="7000040"/>
		<Property name="position" valueType="vector3" value="63.3783 0 56.5224"/>
		<Property name="active" valueType="bool" value="false"/>
		<Property name="num" valueType="int" value="1"/>
		<Property name="radius" valueType="float" value="0.5"/>
		<Property name="face" valueType="int" value="-1"/>
	</LogicType>
	<LogicType name="怪物" type="monster" defaultResource="p0c2.actor">
		<Property name="key" valueType="string" value="monster_24"/>
		<Property name="sn" valueType="int" value="7000036"/>
		<Property name="position" valueType="vector3" value="81.0367 0 72.0399"/>
		<Property name="active" valueType="bool" value="false"/>
		<Property name="num" valueType="int" value="1"/>
		<Property name="radius" valueType="float" value="0.5"/>
		<Property name="face" valueType="int" value="-1"/>
	</LogicType>
	<LogicType name="怪物" type="monster" defaultResource="p0c2.actor">
		<Property name="key" valueType="string" value="monster_22"/>
		<Property name="sn" valueType="int" value="7000036"/>
		<Property name="position" valueType="vector3" value="84.1453 0 68.7183"/>
		<Property name="active" valueType="bool" value="false"/>
		<Property name="num" valueType="int" value="1"/>
		<Property name="radius" valueType="float" value="0.5"/>
		<Property name="face" valueType="int" value="-1"/>
	</LogicType>
	<LogicType name="怪物" type="monster" defaultResource="p0c2.actor">
		<Property name="key" valueType="string" value="monster_25"/>
		<Property name="sn" valueType="int" value="7000036"/>
		<Property name="position" valueType="vector3" value="86.6506 0 66.7214"/>
		<Property name="active" valueType="bool" value="false"/>
		<Property name="num" valueType="int" value="1"/>
		<Property name="radius" valueType="float" value="0.5"/>
		<Property name="face" valueType="int" value="-1"/>
	</LogicType>
	<LogicType name="怪物" type="monster" defaultResource="p0c2.actor">
		<Property name="key" valueType="string" value="monster_15"/>
		<Property name="sn" valueType="int" value="7000036"/>
		<Property name="position" valueType="vector3" value="64.4437 0 41.2145"/>
		<Property name="active" valueType="bool" value="false"/>
		<Property name="num" valueType="int" value="1"/>
		<Property name="radius" valueType="float" value="0.5"/>
		<Property name="face" valueType="int" value="-1"/>
	</LogicType>
	<LogicType name="怪物" type="monster" defaultResource="p0c2.actor">
		<Property name="key" valueType="string" value="monster_20"/>
		<Property name="sn" valueType="int" value="7000040"/>
		<Property name="position" valueType="vector3" value="54.1007 0 55.2507"/>
		<Property name="active" valueType="bool" value="false"/>
		<Property name="num" valueType="int" value="1"/>
		<Property name="radius" valueType="float" value="0.5"/>
		<Property name="face" valueType="int" value="-1"/>
	</LogicType>
	<LogicType name="怪物" type="monster" defaultResource="p0c2.actor">
		<Property name="key" valueType="string" value="monster_23"/>
		<Property name="sn" valueType="int" value="7000036"/>
		<Property name="position" valueType="vector3" value="86.2514 0 70.0411"/>
		<Property name="active" valueType="bool" value="false"/>
		<Property name="num" valueType="int" value="1"/>
		<Property name="radius" valueType="float" value="0.5"/>
		<Property name="face" valueType="int" value="-1"/>
	</LogicType>
	<LogicType name="怪物" type="monster" defaultResource="p0c2.actor">
		<Property name="key" valueType="string" value="monster_32"/>
		<Property name="sn" valueType="int" value="7000036"/>
		<Property name="position" valueType="vector3" value="95.3869 1.90735e-006 50.0801"/>
		<Property name="active" valueType="bool" value="false"/>
		<Property name="num" valueType="int" value="1"/>
		<Property name="radius" valueType="float" value="0.5"/>
		<Property name="face" valueType="int" value="-1"/>
	</LogicType>
	<LogicType name="怪物" type="monster" defaultResource="p0c2.actor">
		<Property name="key" valueType="string" value="monster_26"/>
		<Property name="sn" valueType="int" value="7000036"/>
		<Property name="position" valueType="vector3" value="93.4447 0 46.9204"/>
		<Property name="active" valueType="bool" value="false"/>
		<Property name="num" valueType="int" value="1"/>
		<Property name="radius" valueType="float" value="0.5"/>
		<Property name="face" valueType="int" value="-1"/>
	</LogicType>
	<LogicType name="怪物" type="monster" defaultResource="p0c2.actor">
		<Property name="key" valueType="string" value="monster_29"/>
		<Property name="sn" valueType="int" value="7000036"/>
		<Property name="position" valueType="vector3" value="101.638 0 46.3627"/>
		<Property name="active" valueType="bool" value="false"/>
		<Property name="num" valueType="int" value="1"/>
		<Property name="radius" valueType="float" value="0.5"/>
		<Property name="face" valueType="int" value="-1"/>
	</LogicType>
	<LogicType name="怪物" type="monster" defaultResource="p0c2.actor">
		<Property name="key" valueType="string" value="monster_28"/>
		<Property name="sn" valueType="int" value="7000036"/>
		<Property name="position" valueType="vector3" value="97.4132 0 41.8982"/>
		<Property name="active" valueType="bool" value="false"/>
		<Property name="num" valueType="int" value="1"/>
		<Property name="radius" valueType="float" value="0.5"/>
		<Property name="face" valueType="int" value="-1"/>
	</LogicType>
	<LogicType name="怪物" type="monster" defaultResource="p0c2.actor">
		<Property name="key" valueType="string" value="monster_33"/>
		<Property name="sn" valueType="int" value="7000038"/>
		<Property name="position" valueType="vector3" value="97.6377 0 46.5101"/>
		<Property name="active" valueType="bool" value="false"/>
		<Property name="num" valueType="int" value="1"/>
		<Property name="radius" valueType="float" value="0.5"/>
		<Property name="face" valueType="int" value="-1"/>
	</LogicType>
	<LogicType name="怪物" type="monster" defaultResource="p0c2.actor">
		<Property name="key" valueType="string" value="monster_27"/>
		<Property name="sn" valueType="int" value="7000037"/>
		<Property name="position" valueType="vector3" value="94.9094 0 43.3407"/>
		<Property name="active" valueType="bool" value="false"/>
		<Property name="num" valueType="int" value="1"/>
		<Property name="radius" valueType="float" value="0.5"/>
		<Property name="face" valueType="int" value="-1"/>
	</LogicType>
	<LogicType name="怪物" type="monster" defaultResource="p0c2.actor">
		<Property name="key" valueType="string" value="monster_37"/>
		<Property name="sn" valueType="int" value="7000036"/>
		<Property name="position" valueType="vector3" value="77.2504 0 21.3055"/>
		<Property name="active" valueType="bool" value="false"/>
		<Property name="num" valueType="int" value="1"/>
		<Property name="radius" valueType="float" value="0.5"/>
		<Property name="face" valueType="int" value="-1"/>
	</LogicType>
	<LogicType name="怪物" type="monster" defaultResource="p0c2.actor">
		<Property name="key" valueType="string" value="monster_35"/>
		<Property name="sn" valueType="int" value="7000036"/>
		<Property name="position" valueType="vector3" value="84.4323 0 28.8648"/>
		<Property name="active" valueType="bool" value="false"/>
		<Property name="num" valueType="int" value="1"/>
		<Property name="radius" valueType="float" value="0.5"/>
		<Property name="face" valueType="int" value="-1"/>
	</LogicType>
	<LogicType name="怪物" type="monster" defaultResource="p0c2.actor">
		<Property name="key" valueType="string" value="monster_34"/>
		<Property name="sn" valueType="int" value="7000036"/>
		<Property name="position" valueType="vector3" value="87.4065 0 31.376"/>
		<Property name="active" valueType="bool" value="false"/>
		<Property name="num" valueType="int" value="1"/>
		<Property name="radius" valueType="float" value="0.5"/>
		<Property name="face" valueType="int" value="-1"/>
	</LogicType>
	<LogicType name="怪物" type="monster" defaultResource="p0c2.actor">
		<Property name="key" valueType="string" value="monster_38"/>
		<Property name="sn" valueType="int" value="7000036"/>
		<Property name="position" valueType="vector3" value="84.1284 0 35.3636"/>
		<Property name="active" valueType="bool" value="false"/>
		<Property name="num" valueType="int" value="1"/>
		<Property name="radius" valueType="float" value="0.5"/>
		<Property name="face" valueType="int" value="-1"/>
	</LogicType>
	<LogicType name="怪物" type="monster" defaultResource="p0c2.actor">
		<Property name="key" valueType="string" value="monster_36"/>
		<Property name="sn" valueType="int" value="7000036"/>
		<Property name="position" valueType="vector3" value="80.9473 0 25.5316"/>
		<Property name="active" valueType="bool" value="false"/>
		<Property name="num" valueType="int" value="1"/>
		<Property name="radius" valueType="float" value="0.5"/>
		<Property name="face" valueType="int" value="-1"/>
	</LogicType>
	<LogicType name="怪物" type="monster" defaultResource="p0c2.actor">
		<Property name="key" valueType="string" value="monster_40"/>
		<Property name="sn" valueType="int" value="7000036"/>
		<Property name="position" valueType="vector3" value="77.8512 0 28.6023"/>
		<Property name="active" valueType="bool" value="false"/>
		<Property name="num" valueType="int" value="1"/>
		<Property name="radius" valueType="float" value="0.5"/>
		<Property name="face" valueType="int" value="-1"/>
	</LogicType>
	<LogicType name="怪物" type="monster" defaultResource="p0c2.actor">
		<Property name="key" valueType="string" value="monster_43"/>
		<Property name="sn" valueType="int" value="7000037"/>
		<Property name="position" valueType="vector3" value="84.5195 0 31.5133"/>
		<Property name="active" valueType="bool" value="false"/>
		<Property name="num" valueType="int" value="1"/>
		<Property name="radius" valueType="float" value="0.5"/>
		<Property name="face" valueType="int" value="-1"/>
	</LogicType>
	<LogicType name="怪物" type="monster" defaultResource="p0c2.actor">
		<Property name="key" valueType="string" value="monster_44"/>
		<Property name="sn" valueType="int" value="7000036"/>
		<Property name="position" valueType="vector3" value="56.1796 0 5.39687"/>
		<Property name="active" valueType="bool" value="false"/>
		<Property name="num" valueType="int" value="1"/>
		<Property name="radius" valueType="float" value="0.5"/>
		<Property name="face" valueType="int" value="-1"/>
	</LogicType>
	<LogicType name="怪物" type="monster" defaultResource="p0c2.actor">
		<Property name="key" valueType="string" value="monster_46"/>
		<Property name="sn" valueType="int" value="7000036"/>
		<Property name="position" valueType="vector3" value="56.8737 0 8.491"/>
		<Property name="active" valueType="bool" value="false"/>
		<Property name="num" valueType="int" value="1"/>
		<Property name="radius" valueType="float" value="0.5"/>
		<Property name="face" valueType="int" value="-1"/>
	</LogicType>
	<LogicType name="怪物" type="monster" defaultResource="p0c2.actor">
		<Property name="key" valueType="string" value="monster_48"/>
		<Property name="sn" valueType="int" value="7000036"/>
		<Property name="position" valueType="vector3" value="48.7381 0 11.9337"/>
		<Property name="active" valueType="bool" value="false"/>
		<Property name="num" valueType="int" value="1"/>
		<Property name="radius" valueType="float" value="0.5"/>
		<Property name="face" valueType="int" value="-1"/>
	</LogicType>
	<LogicType name="怪物" type="monster" defaultResource="p0c2.actor">
		<Property name="key" valueType="string" value="monster_49"/>
		<Property name="sn" valueType="int" value="7000036"/>
		<Property name="position" valueType="vector3" value="50.731 0 20.2935"/>
		<Property name="active" valueType="bool" value="false"/>
		<Property name="num" valueType="int" value="1"/>
		<Property name="radius" valueType="float" value="0.5"/>
		<Property name="face" valueType="int" value="-1"/>
	</LogicType>
	<LogicType name="怪物" type="monster" defaultResource="p0c2.actor">
		<Property name="key" valueType="string" value="monster_50"/>
		<Property name="sn" valueType="int" value="7000037"/>
		<Property name="position" valueType="vector3" value="51.6102 0 16.1523"/>
		<Property name="active" valueType="bool" value="false"/>
		<Property name="num" valueType="int" value="1"/>
		<Property name="radius" valueType="float" value="0.5"/>
		<Property name="face" valueType="int" value="-1"/>
	</LogicType>
	<LogicType name="怪物" type="monster" defaultResource="p0c2.actor">
		<Property name="key" valueType="string" value="monster_47"/>
		<Property name="sn" valueType="int" value="7000036"/>
		<Property name="position" valueType="vector3" value="52.1028 0 11.6863"/>
		<Property name="active" valueType="bool" value="false"/>
		<Property name="num" valueType="int" value="1"/>
		<Property name="radius" valueType="float" value="0.5"/>
		<Property name="face" valueType="int" value="-1"/>
	</LogicType>
	<LogicType name="怪物" type="monster" defaultResource="p0c2.actor">
		<Property name="key" valueType="string" value="monster_45"/>
		<Property name="sn" valueType="int" value="7000037"/>
		<Property name="position" valueType="vector3" value="54.607 0 17.9038"/>
		<Property name="active" valueType="bool" value="false"/>
		<Property name="num" valueType="int" value="1"/>
		<Property name="radius" valueType="float" value="0.5"/>
		<Property name="face" valueType="int" value="-1"/>
	</LogicType>
	<LogicType name="怪物" type="monster" defaultResource="p0c2.actor">
		<Property name="key" valueType="string" value="monster_41"/>
		<Property name="sn" valueType="int" value="7000037"/>
		<Property name="position" valueType="vector3" value="74.7297 0 24.7175"/>
		<Property name="active" valueType="bool" value="false"/>
		<Property name="num" valueType="int" value="1"/>
		<Property name="radius" valueType="float" value="0.5"/>
		<Property name="face" valueType="int" value="-1"/>
	</LogicType>
	<LogicType name="怪物" type="monster" defaultResource="p0c2.actor">
		<Property name="key" valueType="string" value="monster_42"/>
		<Property name="sn" valueType="int" value="7000037"/>
		<Property name="position" valueType="vector3" value="78.144 0 24.81"/>
		<Property name="active" valueType="bool" value="false"/>
		<Property name="num" valueType="int" value="1"/>
		<Property name="radius" valueType="float" value="0.5"/>
		<Property name="face" valueType="int" value="-1"/>
	</LogicType>
	<LogicType name="怪物" type="monster" defaultResource="p0c2.actor">
		<Property name="key" valueType="string" value="monster_13"/>
		<Property name="sn" valueType="int" value="7000040"/>
		<Property name="position" valueType="vector3" value="53.7001 0 41.5608"/>
		<Property name="active" valueType="bool" value="false"/>
		<Property name="num" valueType="int" value="1"/>
		<Property name="radius" valueType="float" value="0.5"/>
		<Property name="face" valueType="int" value="-1"/>
	</LogicType>
	<LogicType name="怪物" type="monster" defaultResource="p0c2.actor">
		<Property name="key" valueType="string" value="monster_11"/>
		<Property name="sn" valueType="int" value="7000036"/>
		<Property name="position" valueType="vector3" value="51.09 0 51.3718"/>
		<Property name="active" valueType="bool" value="false"/>
		<Property name="num" valueType="int" value="1"/>
		<Property name="radius" valueType="float" value="0.5"/>
		<Property name="face" valueType="int" value="-1"/>
	</LogicType>
	<LogicType name="怪物" type="monster" defaultResource="p0c2.actor">
		<Property name="key" valueType="string" value="monster_14"/>
		<Property name="sn" valueType="int" value="7000035"/>
		<Property name="position" valueType="vector3" value="56.8654 0 39.4362"/>
		<Property name="active" valueType="bool" value="false"/>
		<Property name="num" valueType="int" value="1"/>
		<Property name="radius" valueType="float" value="0.5"/>
		<Property name="face" valueType="int" value="-1"/>
	</LogicType>
	<LogicType name="怪物" type="monster" defaultResource="p0c2.actor">
		<Property name="key" valueType="string" value="monster_10"/>
		<Property name="sn" valueType="int" value="7000035"/>
		<Property name="position" valueType="vector3" value="50.6506 0 67.3964"/>
		<Property name="active" valueType="bool" value="false"/>
		<Property name="num" valueType="int" value="1"/>
		<Property name="radius" valueType="float" value="0.5"/>
		<Property name="face" valueType="int" value="-1"/>
	</LogicType>
	<LogicType name="怪物" type="monster" defaultResource="p0c2.actor">
		<Property name="key" valueType="string" value="monster_16"/>
		<Property name="sn" valueType="int" value="7000036"/>
		<Property name="position" valueType="vector3" value="67.5685 0 45.3956"/>
		<Property name="active" valueType="bool" value="false"/>
		<Property name="num" valueType="int" value="1"/>
		<Property name="radius" valueType="float" value="0.5"/>
		<Property name="face" valueType="int" value="-1"/>
	</LogicType>
	<LogicType name="怪物" type="monster" defaultResource="p0c2.actor">
		<Property name="key" valueType="string" value="monster_21"/>
		<Property name="sn" valueType="int" value="7000036"/>
		<Property name="position" valueType="vector3" value="83.5236 0 72.4702"/>
		<Property name="active" valueType="bool" value="false"/>
		<Property name="num" valueType="int" value="1"/>
		<Property name="radius" valueType="float" value="0.5"/>
		<Property name="face" valueType="int" value="-1"/>
	</LogicType>
	<LogicType name="怪物" type="monster" defaultResource="p0c2.actor">
		<Property name="key" valueType="string" value="monster_19"/>
		<Property name="sn" valueType="int" value="7000040"/>
		<Property name="position" valueType="vector3" value="58.6701 0 57.0921"/>
		<Property name="active" valueType="bool" value="false"/>
		<Property name="num" valueType="int" value="1"/>
		<Property name="radius" valueType="float" value="0.5"/>
		<Property name="face" valueType="int" value="-1"/>
	</LogicType>
	<LogicType name="怪物" type="monster" defaultResource="p0c2.actor">
		<Property name="key" valueType="string" value="monster_39"/>
		<Property name="sn" valueType="int" value="7000037"/>
		<Property name="position" valueType="vector3" value="81.5987 0 31.7529"/>
		<Property name="active" valueType="bool" value="false"/>
		<Property name="num" valueType="int" value="1"/>
		<Property name="radius" valueType="float" value="0.5"/>
		<Property name="face" valueType="int" value="-1"/>
	</LogicType>
	<LogicType name="机关" type="trigger" defaultResource="p0c2.actor">
		<Property name="key" valueType="string" value="trigger_6"/>
		<Property name="sn" valueType="int" value="10010"/>
		<Property name="position" valueType="vector3" value="89.724 0 35.6601"/>
	</LogicType>
	<LogicType name="机关" type="trigger" defaultResource="p0c2.actor">
		<Property name="key" valueType="string" value="trigger_3"/>
		<Property name="sn" valueType="int" value="10009"/>
		<Property name="position" valueType="vector3" value="77.8742 0 66.966"/>
	</LogicType>
	<LogicType name="机关" type="trigger" defaultResource="p0c2.actor">
		<Property name="key" valueType="string" value="trigger_1"/>
		<Property name="sn" valueType="int" value="10021"/>
		<Property name="position" valueType="vector3" value="44.5601 0 65.0787"/>
	</LogicType>
	<LogicType name="机关" type="trigger" defaultResource="p0c2.actor">
		<Property name="key" valueType="string" value="trigger_2"/>
		<Property name="sn" valueType="int" value="10022"/>
		<Property name="position" valueType="vector3" value="58.9708 0 48.9562"/>
	</LogicType>
	<LogicType name="机关" type="trigger" defaultResource="p0c2.actor">
		<Property name="key" valueType="string" value="trigger_8"/>
		<Property name="sn" valueType="int" value="10026"/>
		<Property name="position" valueType="vector3" value="50.8509 0 11.1333"/>
	</LogicType>
	<LogicType name="机关" type="trigger" defaultResource="p0c2.actor">
		<Property name="key" valueType="string" value="trigger_5"/>
		<Property name="sn" valueType="int" value="10024"/>
		<Property name="position" valueType="vector3" value="100.278 0 43.4439"/>
	</LogicType>
	<LogicType name="机关" type="trigger" defaultResource="p0c2.actor">
		<Property name="key" valueType="string" value="trigger_9"/>
		<Property name="sn" valueType="int" value="10027"/>
		<Property name="position" valueType="vector3" value="30.0097 0 36.64"/>
	</LogicType>
	<LogicType name="机关" type="trigger" defaultResource="p0c2.actor">
		<Property name="key" valueType="string" value="trigger_4"/>
		<Property name="sn" valueType="int" value="10023"/>
		<Property name="position" valueType="vector3" value="84.6058 0 74.3182"/>
	</LogicType>
	<LogicType name="机关" type="trigger" defaultResource="p0c2.actor">
		<Property name="key" valueType="string" value="trigger_7"/>
		<Property name="sn" valueType="int" value="10025"/>
		<Property name="position" valueType="vector3" value="79.5279 0 26.8344"/>
	</LogicType>
	<LogicType name="怪物" type="monster" defaultResource="p0c2.actor">
		<Property name="key" valueType="string" value="monster_30"/>
		<Property name="sn" valueType="int" value="7000037"/>
		<Property name="position" valueType="vector3" value="100.477 0 49.697"/>
		<Property name="active" valueType="bool" value="false"/>
		<Property name="num" valueType="int" value="1"/>
		<Property name="radius" valueType="float" value="0.5"/>
		<Property name="face" valueType="int" value="-1"/>
	</LogicType>
	<LogicType name="怪物" type="monster" defaultResource="p0c2.actor">
		<Property name="key" valueType="string" value="monster_31"/>
		<Property name="sn" valueType="int" value="7000036"/>
		<Property name="position" valueType="vector3" value="97.6844 0 51.3856"/>
		<Property name="active" valueType="bool" value="false"/>
		<Property name="num" valueType="int" value="1"/>
		<Property name="radius" valueType="float" value="0.5"/>
		<Property name="face" valueType="int" value="-1"/>
	</LogicType>
	<LogicType name="怪物" type="monster" defaultResource="p0c2.actor">
		<Property name="key" valueType="string" value="monster_51"/>
		<Property name="sn" valueType="int" value="7000037"/>
		<Property name="position" valueType="vector3" value="47.0381 0 14.4015"/>
		<Property name="active" valueType="bool" value="false"/>
		<Property name="num" valueType="int" value="1"/>
		<Property name="radius" valueType="float" value="0.5"/>
		<Property name="face" valueType="int" value="-1"/>
	</LogicType>
	<LogicType name="怪物" type="monster" defaultResource="p0c2.actor">
		<Property name="key" valueType="string" value="monster_53"/>
		<Property name="sn" valueType="int" value="7000036"/>
		<Property name="position" valueType="vector3" value="55.3257 0 14.4216"/>
		<Property name="active" valueType="bool" value="false"/>
		<Property name="num" valueType="int" value="1"/>
		<Property name="radius" valueType="float" value="0.5"/>
		<Property name="face" valueType="int" value="-1"/>
	</LogicType>
	<LogicType name="怪物" type="monster" defaultResource="p0c2.actor">
		<Property name="key" valueType="string" value="monster_52"/>
		<Property name="sn" valueType="int" value="7000037"/>
		<Property name="position" valueType="vector3" value="55.3905 0 6.44663"/>
		<Property name="active" valueType="bool" value="false"/>
		<Property name="num" valueType="int" value="1"/>
		<Property name="radius" valueType="float" value="0.5"/>
		<Property name="face" valueType="int" value="-1"/>
	</LogicType>
	<LogicType name="怪物" type="monster" defaultResource="p0c2.actor">
		<Property name="key" valueType="string" value="monster_62"/>
		<Property name="sn" valueType="int" value="7000036"/>
		<Property name="position" valueType="vector3" value="31.7665 0 33.0686"/>
		<Property name="active" valueType="bool" value="false"/>
		<Property name="num" valueType="int" value="1"/>
		<Property name="radius" valueType="float" value="0.5"/>
		<Property name="face" valueType="int" value="-1"/>
	</LogicType>
	<LogicType name="怪物" type="monster" defaultResource="p0c2.actor">
		<Property name="key" valueType="string" value="monster_63"/>
		<Property name="sn" valueType="int" value="7000039"/>
		<Property name="position" valueType="vector3" value="30.2712 0 36.7232"/>
		<Property name="active" valueType="bool" value="false"/>
		<Property name="num" valueType="int" value="1"/>
		<Property name="radius" valueType="float" value="0.5"/>
		<Property name="face" valueType="int" value="-1"/>
	</LogicType>
	<LogicType name="怪物" type="monster" defaultResource="p0c2.actor">
		<Property name="key" valueType="string" value="monster_61"/>
		<Property name="sn" valueType="int" value="7000037"/>
		<Property name="position" valueType="vector3" value="28.1083 0 33.3587"/>
		<Property name="active" valueType="bool" value="false"/>
		<Property name="num" valueType="int" value="1"/>
		<Property name="radius" valueType="float" value="0.5"/>
		<Property name="face" valueType="int" value="-1"/>
	</LogicType>
	<LogicType name="怪物" type="monster" defaultResource="p0c2.actor">
		<Property name="key" valueType="string" value="monster_60"/>
		<Property name="sn" valueType="int" value="7000037"/>
		<Property name="position" valueType="vector3" value="33.4585 0 34.2297"/>
		<Property name="active" valueType="bool" value="false"/>
		<Property name="num" valueType="int" value="1"/>
		<Property name="radius" valueType="float" value="0.5"/>
		<Property name="face" valueType="int" value="-1"/>
	</LogicType>
	<LogicType name="怪物" type="monster" defaultResource="p0c2.actor">
		<Property name="key" valueType="string" value="monster_59"/>
		<Property name="sn" valueType="int" value="7000037"/>
		<Property name="position" valueType="vector3" value="32.1859 0 41.1317"/>
		<Property name="active" valueType="bool" value="false"/>
		<Property name="num" valueType="int" value="1"/>
		<Property name="radius" valueType="float" value="0.5"/>
		<Property name="face" valueType="int" value="-1"/>
	</LogicType>
	<LogicType name="怪物" type="monster" defaultResource="p0c2.actor">
		<Property name="key" valueType="string" value="monster_58"/>
		<Property name="sn" valueType="int" value="7000036"/>
		<Property name="position" valueType="vector3" value="34.2187 0 38.192"/>
		<Property name="active" valueType="bool" value="false"/>
		<Property name="num" valueType="int" value="1"/>
		<Property name="radius" valueType="float" value="0.5"/>
		<Property name="face" valueType="int" value="-1"/>
	</LogicType>
	<LogicType name="副本结束区域" type="areaInstanceLeave" defaultResource="chuansong2.actor">
		<Property name="key" valueType="string" value="areaInstanceLeave_0"/>
		<Property name="position" valueType="vector3" value="40.3573 0 27.6286"/>
		<Property name="radius" valueType="float" value="1.5"/>
	</LogicType>
	<LogicType name="机关" type="trigger" defaultResource="p0c2.actor">
		<Property name="key" valueType="string" value="trigger_10"/>
		<Property name="sn" valueType="int" value="10011"/>
		<Property name="position" valueType="vector3" value="89.1858 0 61.6581"/>
	</LogicType>
</LogicTypeRoot>

