<?xml version='1.0' encoding='utf-8' ?>
<LogicTypeRoot>
	<LogicType name="出现区域" type="areaAppear" defaultResource="p0c1_005.actor">
		<Property name="key" valueType="string" value="areaAppear_1"/>
		<Property name="position" valueType="vector3" value="20.0477 0 34.1311"/>
		<Property name="radius" valueType="float" value="2"/>
	</LogicType>
	<LogicType name="怪物" type="monster" defaultResource="p0c1_005.actor">
		<Property name="key" valueType="string" value="monster_1"/>
		<Property name="sn" valueType="int" value="7007041"/>
		<Property name="position" valueType="vector3" value="12.2732 0 41.1647"/>
		<Property name="num" valueType="int" value="1"/>
		<Property name="active" valueType="bool" value="false"/>
		<Property name="radius" valueType="float" value="0"/>
		<Property name="face" valueType="int" value="0"/>
	</LogicType>
	<LogicType name="怪物" type="monster" defaultResource="p0c1_005.actor">
		<Property name="key" valueType="string" value="monster_2"/>
		<Property name="sn" valueType="int" value="7007041"/>
		<Property name="position" valueType="vector3" value="27.1768 0 41.8876"/>
		<Property name="num" valueType="int" value="1"/>
		<Property name="active" valueType="bool" value="false"/>
		<Property name="radius" valueType="float" value="0"/>
		<Property name="face" valueType="int" value="0"/>
	</LogicType>
	<LogicType name="怪物" type="monster" defaultResource="p0c1_005.actor">
		<Property name="key" valueType="string" value="monster_3"/>
		<Property name="sn" valueType="int" value="7007041"/>
		<Property name="position" valueType="vector3" value="28.0798 0 27.4853"/>
		<Property name="num" valueType="int" value="1"/>
		<Property name="active" valueType="bool" value="false"/>
		<Property name="radius" valueType="float" value="0"/>
		<Property name="face" valueType="int" value="0"/>
	</LogicType>
	<LogicType name="怪物" type="monster" defaultResource="p0c1_005.actor">
		<Property name="key" valueType="string" value="monster_4"/>
		<Property name="sn" valueType="int" value="7007041"/>
		<Property name="position" valueType="vector3" value="11.9002 0 28.175"/>
		<Property name="num" valueType="int" value="1"/>
		<Property name="active" valueType="bool" value="false"/>
		<Property name="radius" valueType="float" value="0"/>
		<Property name="face" valueType="int" value="0"/>
	</LogicType>
	<LogicType name="怪物" type="monster" defaultResource="p0c1_005.actor">
		<Property name="key" valueType="string" value="monster_11"/>
		<Property name="sn" valueType="int" value="7007042"/>
		<Property name="position" valueType="vector3" value="9.90412 0 34.3605"/>
		<Property name="num" valueType="int" value="1"/>
		<Property name="active" valueType="bool" value="false"/>
		<Property name="radius" valueType="float" value="0"/>
		<Property name="face" valueType="int" value="0"/>
	</LogicType>
	<LogicType name="怪物" type="monster" defaultResource="p0c1_005.actor">
		<Property name="key" valueType="string" value="monster_12"/>
		<Property name="sn" valueType="int" value="7007042"/>
		<Property name="position" valueType="vector3" value="9.89892 0 36.2459"/>
		<Property name="num" valueType="int" value="1"/>
		<Property name="active" valueType="bool" value="false"/>
		<Property name="radius" valueType="float" value="0"/>
		<Property name="face" valueType="int" value="0"/>
	</LogicType>
	<LogicType name="怪物" type="monster" defaultResource="p0c1_005.actor">
		<Property name="key" valueType="string" value="monster_5"/>
		<Property name="sn" valueType="int" value="7007042"/>
		<Property name="position" valueType="vector3" value="19.0857 0 44.7245"/>
		<Property name="num" valueType="int" value="1"/>
		<Property name="active" valueType="bool" value="false"/>
		<Property name="radius" valueType="float" value="0"/>
		<Property name="face" valueType="int" value="0"/>
	</LogicType>
	<LogicType name="怪物" type="monster" defaultResource="p0c1_005.actor">
		<Property name="key" valueType="string" value="monster_6"/>
		<Property name="sn" valueType="int" value="7007042"/>
		<Property name="position" valueType="vector3" value="20.5028 0 44.6453"/>
		<Property name="num" valueType="int" value="1"/>
		<Property name="active" valueType="bool" value="false"/>
		<Property name="radius" valueType="float" value="0"/>
		<Property name="face" valueType="int" value="0"/>
	</LogicType>
	<LogicType name="怪物" type="monster" defaultResource="p0c1_005.actor">
		<Property name="key" valueType="string" value="monster_7"/>
		<Property name="sn" valueType="int" value="7007042"/>
		<Property name="position" valueType="vector3" value="30.3824 0 35.7074"/>
		<Property name="num" valueType="int" value="1"/>
		<Property name="active" valueType="bool" value="false"/>
		<Property name="radius" valueType="float" value="0"/>
		<Property name="face" valueType="int" value="0"/>
	</LogicType>
	<LogicType name="怪物" type="monster" defaultResource="p0c1_005.actor">
		<Property name="key" valueType="string" value="monster_8"/>
		<Property name="sn" valueType="int" value="7007042"/>
		<Property name="position" valueType="vector3" value="30.4209 0 34.1069"/>
		<Property name="num" valueType="int" value="1"/>
		<Property name="active" valueType="bool" value="false"/>
		<Property name="radius" valueType="float" value="0"/>
		<Property name="face" valueType="int" value="0"/>
	</LogicType>
	<LogicType name="怪物" type="monster" defaultResource="p0c1_005.actor">
		<Property name="key" valueType="string" value="monster_9"/>
		<Property name="sn" valueType="int" value="7007042"/>
		<Property name="position" valueType="vector3" value="20.3919 0 23.568"/>
		<Property name="num" valueType="int" value="1"/>
		<Property name="active" valueType="bool" value="false"/>
		<Property name="radius" valueType="float" value="0"/>
		<Property name="face" valueType="int" value="0"/>
	</LogicType>
	<LogicType name="怪物" type="monster" defaultResource="p0c1_005.actor">
		<Property name="key" valueType="string" value="monster_10"/>
		<Property name="sn" valueType="int" value="7007042"/>
		<Property name="position" valueType="vector3" value="18.8828 0 23.5624"/>
		<Property name="num" valueType="int" value="1"/>
		<Property name="active" valueType="bool" value="false"/>
		<Property name="radius" valueType="float" value="0"/>
		<Property name="face" valueType="int" value="0"/>
	</LogicType>
	<LogicType name="怪物" type="monster" defaultResource="p0c1_005.actor">
		<Property name="key" valueType="string" value="monster_19"/>
		<Property name="sn" valueType="int" value="7007041"/>
		<Property name="position" valueType="vector3" value="13.3317 0 28.9043"/>
		<Property name="num" valueType="int" value="1"/>
		<Property name="active" valueType="bool" value="false"/>
		<Property name="radius" valueType="float" value="0"/>
		<Property name="face" valueType="int" value="0"/>
	</LogicType>
	<LogicType name="怪物" type="monster" defaultResource="p0c1_005.actor">
		<Property name="key" valueType="string" value="monster_20"/>
		<Property name="sn" valueType="int" value="7007041"/>
		<Property name="position" valueType="vector3" value="12.1057 0 30.1477"/>
		<Property name="num" valueType="int" value="1"/>
		<Property name="active" valueType="bool" value="false"/>
		<Property name="radius" valueType="float" value="0"/>
		<Property name="face" valueType="int" value="0"/>
	</LogicType>
	<LogicType name="怪物" type="monster" defaultResource="p0c1_005.actor">
		<Property name="key" valueType="string" value="monster_13"/>
		<Property name="sn" valueType="int" value="7007041"/>
		<Property name="position" valueType="vector3" value="12.5684 0 39.6593"/>
		<Property name="num" valueType="int" value="1"/>
		<Property name="active" valueType="bool" value="false"/>
		<Property name="radius" valueType="float" value="0"/>
		<Property name="face" valueType="int" value="0"/>
	</LogicType>
	<LogicType name="怪物" type="monster" defaultResource="p0c1_005.actor">
		<Property name="key" valueType="string" value="monster_14"/>
		<Property name="sn" valueType="int" value="7007041"/>
		<Property name="position" valueType="vector3" value="13.6693 0 40.6831"/>
		<Property name="num" valueType="int" value="1"/>
		<Property name="active" valueType="bool" value="false"/>
		<Property name="radius" valueType="float" value="0"/>
		<Property name="face" valueType="int" value="0"/>
	</LogicType>
	<LogicType name="怪物" type="monster" defaultResource="p0c1_005.actor">
		<Property name="key" valueType="string" value="monster_15"/>
		<Property name="sn" valueType="int" value="7007041"/>
		<Property name="position" valueType="vector3" value="25.8936 0 41.4974"/>
		<Property name="num" valueType="int" value="1"/>
		<Property name="active" valueType="bool" value="false"/>
		<Property name="radius" valueType="float" value="0"/>
		<Property name="face" valueType="int" value="0"/>
	</LogicType>
	<LogicType name="怪物" type="monster" defaultResource="p0c1_005.actor">
		<Property name="key" valueType="string" value="monster_16"/>
		<Property name="sn" valueType="int" value="7007041"/>
		<Property name="position" valueType="vector3" value="26.8897 0 40.416"/>
		<Property name="num" valueType="int" value="1"/>
		<Property name="active" valueType="bool" value="false"/>
		<Property name="radius" valueType="float" value="0"/>
		<Property name="face" valueType="int" value="0"/>
	</LogicType>
	<LogicType name="怪物" type="monster" defaultResource="p0c1_005.actor">
		<Property name="key" valueType="string" value="monster_17"/>
		<Property name="sn" valueType="int" value="7007041"/>
		<Property name="position" valueType="vector3" value="27.9897 0 29.0818"/>
		<Property name="num" valueType="int" value="1"/>
		<Property name="active" valueType="bool" value="false"/>
		<Property name="radius" valueType="float" value="0"/>
		<Property name="face" valueType="int" value="0"/>
	</LogicType>
	<LogicType name="怪物" type="monster" defaultResource="p0c1_005.actor">
		<Property name="key" valueType="string" value="monster_18"/>
		<Property name="sn" valueType="int" value="7007041"/>
		<Property name="position" valueType="vector3" value="26.769 0 27.8916"/>
		<Property name="num" valueType="int" value="1"/>
		<Property name="active" valueType="bool" value="false"/>
		<Property name="radius" valueType="float" value="0"/>
		<Property name="face" valueType="int" value="0"/>
	</LogicType>
	<LogicType name="怪物" type="monster" defaultResource="p0c1_005.actor">
		<Property name="key" valueType="string" value="monster_30"/>
		<Property name="sn" valueType="int" value="7007042"/>
		<Property name="position" valueType="vector3" value="10.9978 0 33.7291"/>
		<Property name="num" valueType="int" value="1"/>
		<Property name="active" valueType="bool" value="false"/>
		<Property name="radius" valueType="float" value="0"/>
		<Property name="face" valueType="int" value="0"/>
	</LogicType>
	<LogicType name="怪物" type="monster" defaultResource="p0c1_005.actor">
		<Property name="key" valueType="string" value="monster_31"/>
		<Property name="sn" valueType="int" value="7007042"/>
		<Property name="position" valueType="vector3" value="10.9596 0 35.3716"/>
		<Property name="num" valueType="int" value="1"/>
		<Property name="active" valueType="bool" value="false"/>
		<Property name="radius" valueType="float" value="0"/>
		<Property name="face" valueType="int" value="0"/>
	</LogicType>
	<LogicType name="怪物" type="monster" defaultResource="p0c1_005.actor">
		<Property name="key" valueType="string" value="monster_32"/>
		<Property name="sn" valueType="int" value="7007042"/>
		<Property name="position" valueType="vector3" value="10.9706 0 36.9343"/>
		<Property name="num" valueType="int" value="1"/>
		<Property name="active" valueType="bool" value="false"/>
		<Property name="radius" valueType="float" value="0"/>
		<Property name="face" valueType="int" value="0"/>
	</LogicType>
	<LogicType name="怪物" type="monster" defaultResource="p0c1_005.actor">
		<Property name="key" valueType="string" value="monster_21"/>
		<Property name="sn" valueType="int" value="7007042"/>
		<Property name="position" valueType="vector3" value="18.4436 0 43.4578"/>
		<Property name="num" valueType="int" value="1"/>
		<Property name="active" valueType="bool" value="false"/>
		<Property name="radius" valueType="float" value="0"/>
		<Property name="face" valueType="int" value="0"/>
	</LogicType>
	<LogicType name="怪物" type="monster" defaultResource="p0c1_005.actor">
		<Property name="key" valueType="string" value="monster_22"/>
		<Property name="sn" valueType="int" value="7007042"/>
		<Property name="position" valueType="vector3" value="19.903 0 43.4423"/>
		<Property name="num" valueType="int" value="1"/>
		<Property name="active" valueType="bool" value="false"/>
		<Property name="radius" valueType="float" value="0"/>
		<Property name="face" valueType="int" value="0"/>
	</LogicType>
	<LogicType name="怪物" type="monster" defaultResource="p0c1_005.actor">
		<Property name="key" valueType="string" value="monster_23"/>
		<Property name="sn" valueType="int" value="7007042"/>
		<Property name="position" valueType="vector3" value="21.1833 0 43.4409"/>
		<Property name="num" valueType="int" value="1"/>
		<Property name="active" valueType="bool" value="false"/>
		<Property name="radius" valueType="float" value="0"/>
		<Property name="face" valueType="int" value="0"/>
	</LogicType>
	<LogicType name="怪物" type="monster" defaultResource="p0c1_005.actor">
		<Property name="key" valueType="string" value="monster_24"/>
		<Property name="sn" valueType="int" value="7007042"/>
		<Property name="position" valueType="vector3" value="29.3165 0 36.4207"/>
		<Property name="num" valueType="int" value="1"/>
		<Property name="active" valueType="bool" value="false"/>
		<Property name="radius" valueType="float" value="0"/>
		<Property name="face" valueType="int" value="0"/>
	</LogicType>
	<LogicType name="怪物" type="monster" defaultResource="p0c1_005.actor">
		<Property name="key" valueType="string" value="monster_25"/>
		<Property name="sn" valueType="int" value="7007042"/>
		<Property name="position" valueType="vector3" value="29.2553 0 34.9344"/>
		<Property name="num" valueType="int" value="1"/>
		<Property name="active" valueType="bool" value="false"/>
		<Property name="radius" valueType="float" value="0"/>
		<Property name="face" valueType="int" value="0"/>
	</LogicType>
	<LogicType name="怪物" type="monster" defaultResource="p0c1_005.actor">
		<Property name="key" valueType="string" value="monster_26"/>
		<Property name="sn" valueType="int" value="7007042"/>
		<Property name="position" valueType="vector3" value="29.291 0 33.408"/>
		<Property name="num" valueType="int" value="1"/>
		<Property name="active" valueType="bool" value="false"/>
		<Property name="radius" valueType="float" value="0"/>
		<Property name="face" valueType="int" value="0"/>
	</LogicType>
	<LogicType name="怪物" type="monster" defaultResource="p0c1_005.actor">
		<Property name="key" valueType="string" value="monster_27"/>
		<Property name="sn" valueType="int" value="7007042"/>
		<Property name="position" valueType="vector3" value="20.9382 0 25.2066"/>
		<Property name="num" valueType="int" value="1"/>
		<Property name="active" valueType="bool" value="false"/>
		<Property name="radius" valueType="float" value="0"/>
		<Property name="face" valueType="int" value="0"/>
	</LogicType>
	<LogicType name="怪物" type="monster" defaultResource="p0c1_005.actor">
		<Property name="key" valueType="string" value="monster_28"/>
		<Property name="sn" valueType="int" value="7007042"/>
		<Property name="position" valueType="vector3" value="19.5239 0 25.1973"/>
		<Property name="num" valueType="int" value="1"/>
		<Property name="active" valueType="bool" value="false"/>
		<Property name="radius" valueType="float" value="0"/>
		<Property name="face" valueType="int" value="0"/>
	</LogicType>
	<LogicType name="怪物" type="monster" defaultResource="p0c1_005.actor">
		<Property name="key" valueType="string" value="monster_29"/>
		<Property name="sn" valueType="int" value="7007042"/>
		<Property name="position" valueType="vector3" value="18.0002 0 25.2041"/>
		<Property name="num" valueType="int" value="1"/>
		<Property name="active" valueType="bool" value="false"/>
		<Property name="radius" valueType="float" value="0"/>
		<Property name="face" valueType="int" value="0"/>
	</LogicType>
	<LogicType name="怪物" type="monster" defaultResource="p0c1_005.actor">
		<Property name="key" valueType="string" value="monster_33"/>
		<Property name="sn" valueType="int" value="7007043"/>
		<Property name="position" valueType="vector3" value="17.5601 0 34.6271"/>
		<Property name="num" valueType="int" value="1"/>
		<Property name="active" valueType="bool" value="false"/>
		<Property name="radius" valueType="float" value="0"/>
		<Property name="face" valueType="int" value="0"/>
	</LogicType>
	<LogicType name="机关" type="trigger" defaultResource="p0c2.actor">
		<Property name="key" valueType="string" value="trigger_0"/>
		<Property name="sn" valueType="int" value="20001"/>
		<Property name="position" valueType="vector3" value="20.0602 0 34.1309"/>
	</LogicType>
	<LogicType name="机关" type="trigger" defaultResource="p0c2.actor">
		<Property name="key" valueType="string" value="trigger_1"/>
		<Property name="sn" valueType="int" value="20002"/>
		<Property name="position" valueType="vector3" value="20.0602 0 34.1309"/>
	</LogicType>
	<LogicType name="机关" type="trigger" defaultResource="p0c2.actor">
		<Property name="key" valueType="string" value="trigger_2"/>
		<Property name="sn" valueType="int" value="20003"/>
		<Property name="position" valueType="vector3" value="20.0602 0 34.1309"/>
	</LogicType>
	<LogicType name="机关" type="trigger" defaultResource="p0c2.actor">
		<Property name="key" valueType="string" value="trigger_3"/>
		<Property name="sn" valueType="int" value="20004"/>
		<Property name="position" valueType="vector3" value="20.0602 0 34.1309"/>
	</LogicType>
	<LogicType name="机关" type="trigger" defaultResource="p0c2.actor">
		<Property name="key" valueType="string" value="trigger_4"/>
		<Property name="sn" valueType="int" value="20005"/>
		<Property name="position" valueType="vector3" value="20.0602 0 34.1309"/>
	</LogicType>
	<LogicType name="机关" type="trigger" defaultResource="chuansong2.actor">
		<Property name="key" valueType="string" value="trigger_5"/>
		<Property name="sn" valueType="int" value="20026"/>
		<Property name="position" valueType="vector3" value="19.9135 0 30.1239"/>
	</LogicType>
</LogicTypeRoot>

