<?xml version='1.0' encoding='utf-8' ?>
<LogicTypeRoot>
	<LogicType name="出现区域" type="areaAppear" defaultResource="p1c1.actor">
		<Property name="key" valueType="string" value="areaAppear_0"/>
		<Property name="position" valueType="vector3" value="8.18096 0 44.509"/>
		<Property name="radius" valueType="float" value="2"/>
	</LogicType>
	<LogicType name="怪物" type="monster" defaultResource="p1c1.actor">
		<Property name="key" valueType="string" value="monster_1"/>
		<Property name="sn" valueType="int" value="6030013"/>
		<Property name="position" valueType="vector3" value="13.368 0 45.8982"/>
		<Property name="num" valueType="int" value="1"/>
		<Property name="active" valueType="bool" value="false"/>
		<Property name="radius" valueType="float" value="0"/>
		<Property name="face" valueType="int" value="0"/>
	</LogicType>
	<LogicType name="怪物" type="monster" defaultResource="p1c1.actor">
		<Property name="key" valueType="string" value="monster_0"/>
		<Property name="sn" valueType="int" value="6030013"/>
		<Property name="position" valueType="vector3" value="12.2609 0 48.4352"/>
		<Property name="num" valueType="int" value="1"/>
		<Property name="active" valueType="bool" value="false"/>
		<Property name="radius" valueType="float" value="0"/>
		<Property name="face" valueType="int" value="0"/>
	</LogicType>
	<LogicType name="怪物" type="monster" defaultResource="p1c1.actor">
		<Property name="key" valueType="string" value="monster_2"/>
		<Property name="sn" valueType="int" value="6030013"/>
		<Property name="position" valueType="vector3" value="13.7761 0 48.3951"/>
		<Property name="num" valueType="int" value="1"/>
		<Property name="active" valueType="bool" value="false"/>
		<Property name="radius" valueType="float" value="0"/>
		<Property name="face" valueType="int" value="0"/>
	</LogicType>
	<LogicType name="怪物" type="monster" defaultResource="p1c1.actor">
		<Property name="key" valueType="string" value="monster_3"/>
		<Property name="sn" valueType="int" value="6030013"/>
		<Property name="position" valueType="vector3" value="14.0669 0 47.1016"/>
		<Property name="num" valueType="int" value="1"/>
		<Property name="active" valueType="bool" value="false"/>
		<Property name="radius" valueType="float" value="0"/>
		<Property name="face" valueType="int" value="0"/>
	</LogicType>
	<LogicType name="怪物" type="monster" defaultResource="p1c1.actor">
		<Property name="key" valueType="string" value="monster_4"/>
		<Property name="sn" valueType="int" value="6030014"/>
		<Property name="position" valueType="vector3" value="24.8682 0 43.7997"/>
		<Property name="num" valueType="int" value="1"/>
		<Property name="active" valueType="bool" value="false"/>
		<Property name="radius" valueType="float" value="0"/>
		<Property name="face" valueType="int" value="0"/>
	</LogicType>
	<LogicType name="怪物" type="monster" defaultResource="p1c1.actor">
		<Property name="key" valueType="string" value="monster_5"/>
		<Property name="sn" valueType="int" value="6030011"/>
		<Property name="position" valueType="vector3" value="23.7048 0 46.3807"/>
		<Property name="num" valueType="int" value="1"/>
		<Property name="active" valueType="bool" value="false"/>
		<Property name="radius" valueType="float" value="0"/>
		<Property name="face" valueType="int" value="0"/>
	</LogicType>
	<LogicType name="怪物" type="monster" defaultResource="p1c1.actor">
		<Property name="key" valueType="string" value="monster_6"/>
		<Property name="sn" valueType="int" value="6030011"/>
		<Property name="position" valueType="vector3" value="25.7924 0 44.8843"/>
		<Property name="num" valueType="int" value="1"/>
		<Property name="active" valueType="bool" value="false"/>
		<Property name="radius" valueType="float" value="0"/>
		<Property name="face" valueType="int" value="0"/>
	</LogicType>
	<LogicType name="怪物" type="monster" defaultResource="p1c1.actor">
		<Property name="key" valueType="string" value="monster_7"/>
		<Property name="sn" valueType="int" value="6030011"/>
		<Property name="position" valueType="vector3" value="23.8663 0 43.933"/>
		<Property name="num" valueType="int" value="1"/>
		<Property name="active" valueType="bool" value="false"/>
		<Property name="radius" valueType="float" value="0"/>
		<Property name="face" valueType="int" value="0"/>
	</LogicType>
	<LogicType name="怪物" type="monster" defaultResource="p1c1.actor">
		<Property name="key" valueType="string" value="monster_8"/>
		<Property name="sn" valueType="int" value="6030011"/>
		<Property name="position" valueType="vector3" value="24.4381 0 44.9155"/>
		<Property name="num" valueType="int" value="1"/>
		<Property name="active" valueType="bool" value="false"/>
		<Property name="radius" valueType="float" value="0"/>
		<Property name="face" valueType="int" value="0"/>
	</LogicType>
	<LogicType name="怪物" type="monster" defaultResource="p1c1.actor">
		<Property name="key" valueType="string" value="monster_9"/>
		<Property name="sn" valueType="int" value="6030012"/>
		<Property name="position" valueType="vector3" value="24.0424 0 34.3596"/>
		<Property name="num" valueType="int" value="1"/>
		<Property name="active" valueType="bool" value="false"/>
		<Property name="radius" valueType="float" value="0"/>
		<Property name="face" valueType="int" value="0"/>
	</LogicType>
	<LogicType name="怪物" type="monster" defaultResource="p1c1.actor">
		<Property name="key" valueType="string" value="monster_10"/>
		<Property name="sn" valueType="int" value="6030013"/>
		<Property name="position" valueType="vector3" value="23.207 0 33.2989"/>
		<Property name="num" valueType="int" value="1"/>
		<Property name="active" valueType="bool" value="false"/>
		<Property name="radius" valueType="float" value="0"/>
		<Property name="face" valueType="int" value="0"/>
	</LogicType>
	<LogicType name="怪物" type="monster" defaultResource="p1c1.actor">
		<Property name="key" valueType="string" value="monster_11"/>
		<Property name="sn" valueType="int" value="6030013"/>
		<Property name="position" valueType="vector3" value="25.5886 0 34.1576"/>
		<Property name="num" valueType="int" value="1"/>
		<Property name="active" valueType="bool" value="false"/>
		<Property name="radius" valueType="float" value="0"/>
		<Property name="face" valueType="int" value="0"/>
	</LogicType>
	<LogicType name="怪物" type="monster" defaultResource="p1c1.actor">
		<Property name="key" valueType="string" value="monster_12"/>
		<Property name="sn" valueType="int" value="6030013"/>
		<Property name="position" valueType="vector3" value="23.2166 0 34.9905"/>
		<Property name="num" valueType="int" value="1"/>
		<Property name="active" valueType="bool" value="false"/>
		<Property name="radius" valueType="float" value="0"/>
		<Property name="face" valueType="int" value="0"/>
	</LogicType>
	<LogicType name="怪物" type="monster" defaultResource="p1c1.actor">
		<Property name="key" valueType="string" value="monster_13"/>
		<Property name="sn" valueType="int" value="6030013"/>
		<Property name="position" valueType="vector3" value="24.5754 0 33.4983"/>
		<Property name="num" valueType="int" value="1"/>
		<Property name="active" valueType="bool" value="false"/>
		<Property name="radius" valueType="float" value="0"/>
		<Property name="face" valueType="int" value="0"/>
	</LogicType>
	<LogicType name="怪物" type="monster" defaultResource="p1c1.actor">
		<Property name="key" valueType="string" value="monster_14"/>
		<Property name="sn" valueType="int" value="6030015"/>
		<Property name="position" valueType="vector3" value="22.4391 0 26.4267"/>
		<Property name="num" valueType="int" value="1"/>
		<Property name="active" valueType="bool" value="false"/>
		<Property name="radius" valueType="float" value="0"/>
		<Property name="face" valueType="int" value="0"/>
	</LogicType>
	<LogicType name="怪物" type="monster" defaultResource="p1c1.actor">
		<Property name="key" valueType="string" value="monster_15"/>
		<Property name="sn" valueType="int" value="6030012"/>
		<Property name="position" valueType="vector3" value="21.9368 0 25.9851"/>
		<Property name="num" valueType="int" value="1"/>
		<Property name="active" valueType="bool" value="false"/>
		<Property name="radius" valueType="float" value="0"/>
		<Property name="face" valueType="int" value="0"/>
	</LogicType>
	<LogicType name="怪物" type="monster" defaultResource="p1c1.actor">
		<Property name="key" valueType="string" value="monster_16"/>
		<Property name="sn" valueType="int" value="6030012"/>
		<Property name="position" valueType="vector3" value="23.1899 0 26.9325"/>
		<Property name="num" valueType="int" value="1"/>
		<Property name="active" valueType="bool" value="false"/>
		<Property name="radius" valueType="float" value="0"/>
		<Property name="face" valueType="int" value="0"/>
	</LogicType>
	<LogicType name="怪物" type="monster" defaultResource="p1c1.actor">
		<Property name="key" valueType="string" value="monster_17"/>
		<Property name="sn" valueType="int" value="6030012"/>
		<Property name="position" valueType="vector3" value="21.2957 0 26.6306"/>
		<Property name="num" valueType="int" value="1"/>
		<Property name="active" valueType="bool" value="false"/>
		<Property name="radius" valueType="float" value="0"/>
		<Property name="face" valueType="int" value="0"/>
	</LogicType>
	<LogicType name="怪物" type="monster" defaultResource="p1c1.actor">
		<Property name="key" valueType="string" value="monster_18"/>
		<Property name="sn" valueType="int" value="6030012"/>
		<Property name="position" valueType="vector3" value="21.0654 0 27.5666"/>
		<Property name="num" valueType="int" value="1"/>
		<Property name="active" valueType="bool" value="false"/>
		<Property name="radius" valueType="float" value="0"/>
		<Property name="face" valueType="int" value="0"/>
	</LogicType>
	<LogicType name="怪物" type="monster" defaultResource="p1c1.actor">
		<Property name="key" valueType="string" value="monster_19"/>
		<Property name="sn" valueType="int" value="6030012"/>
		<Property name="position" valueType="vector3" value="22.1741 0 27.2975"/>
		<Property name="num" valueType="int" value="1"/>
		<Property name="active" valueType="bool" value="false"/>
		<Property name="radius" valueType="float" value="0"/>
		<Property name="face" valueType="int" value="0"/>
	</LogicType>
	<LogicType name="怪物" type="monster" defaultResource="p1c1.actor">
		<Property name="key" valueType="string" value="monster_20"/>
		<Property name="sn" valueType="int" value="6030016"/>
		<Property name="position" valueType="vector3" value="19.2636 0 21.6446"/>
		<Property name="num" valueType="int" value="1"/>
		<Property name="active" valueType="bool" value="false"/>
		<Property name="radius" valueType="float" value="0"/>
		<Property name="face" valueType="int" value="0"/>
	</LogicType>
	<LogicType name="机关" type="trigger" defaultResource="p0c2.actor">
		<Property name="key" valueType="string" value="trigger_0"/>
		<Property name="sn" valueType="int" value="10031"/>
		<Property name="position" valueType="vector3" value="12.7843 0 47.3057"/>
	</LogicType>
	<LogicType name="机关" type="trigger" defaultResource="p0c2.actor">
		<Property name="key" valueType="string" value="trigger_1"/>
		<Property name="sn" valueType="int" value="10032"/>
		<Property name="position" valueType="vector3" value="25.1486 0 46.2013"/>
	</LogicType>
	<LogicType name="机关" type="trigger" defaultResource="p0c2.actor">
		<Property name="key" valueType="string" value="trigger_2"/>
		<Property name="sn" valueType="int" value="10033"/>
		<Property name="position" valueType="vector3" value="24.7569 0 35.1598"/>
	</LogicType>
	<LogicType name="机关" type="trigger" defaultResource="p0c2.actor">
		<Property name="key" valueType="string" value="trigger_3"/>
		<Property name="sn" valueType="int" value="10034"/>
		<Property name="position" valueType="vector3" value="23.1039 0 28.0001"/>
	</LogicType>
	<LogicType name="机关" type="trigger" defaultResource="p0c2.actor">
		<Property name="key" valueType="string" value="trigger_4"/>
		<Property name="sn" valueType="int" value="10035"/>
		<Property name="position" valueType="vector3" value="19.6933 0 22.3327"/>
	</LogicType>
	<LogicType name="副本离开区域" type="areaInstanceLeave" defaultResource="chuansong2.actor">
		<Property name="key" valueType="string" value="areaInstanceLeave_0"/>
		<Property name="position" valueType="vector3" value="17.8279 0 17.7792"/>
		<Property name="radius" valueType="float" value="2"/>
	</LogicType>
</LogicTypeRoot>

