<?xml version='1.0' encoding='utf-8' ?>
<LogicTypeRoot>
	<LogicType name="一片空白区域（用来在地图上设置坐标点，后端程序能够拿到指定坐标）" type="areaCommon" defaultResource="chuansong2.actor">
		<Property name="key" valueType="string" value="monsterAppear_1"/>
		<Property name="position" valueType="vector3" value="44.5468 0 63.5096"/>
		<Property name="radius" valueType="float" value="2"/>
		<Property name="subType" valueType="string" value="monsterAppear"/>
	</LogicType>
	<LogicType name="一片空白区域（用来在地图上设置坐标点，后端程序能够拿到指定坐标）" type="areaCommon" defaultResource="chuansong2.actor">
		<Property name="key" valueType="string" value="monsterAppear_2"/>
		<Property name="position" valueType="vector3" value="83.7998 -1.52588e-005 66.7407"/>
		<Property name="radius" valueType="float" value="2"/>
		<Property name="subType" valueType="string" value="monsterAppear"/>
	</LogicType>
	<LogicType name="一片空白区域（用来在地图上设置坐标点，后端程序能够拿到指定坐标）" type="areaCommon" defaultResource="chuansong2.actor">
		<Property name="key" valueType="string" value="friendMonsterAppear_1"/>
		<Property name="position" valueType="vector3" value="81.3288 0 30.3455"/>
		<Property name="radius" valueType="float" value="2"/>
		<Property name="subType" valueType="string" value="friendMonsterAppear"/>
	</LogicType>
	<LogicType name="出现区域" type="areaAppear" defaultResource="p0c1_005.actor">
		<Property name="key" valueType="string" value="areaAppear_1"/>
		<Property name="position" valueType="vector3" value="72.4884 0 21.8804"/>
		<Property name="radius" valueType="float" value="2"/>
	</LogicType>
	<LogicType name="复活区域" type="areaRevive" defaultResource="p0c1_005.actor">
		<Property name="key" valueType="string" value="areaRevive_1"/>
		<Property name="position" valueType="vector3" value="60.4822 -1.52588e-005 6.50482"/>
		<Property name="radius" valueType="float" value="2"/>
	</LogicType>
</LogicTypeRoot>

