<?xml version="1.0" encoding="utf-8"?>
<!-- 编辑使用 XMLSpy v2006 U (http://www.altova.com) 由 any (any) -->
<LogicTypeRoot>
	<LogicType name="出现区域" type="areaAppear" defaultResource="p0c1_005.actor">
		<Property name="key" valueType="string" value="areaAppear_1"/>
		<Property name="position" valueType="vector3" value="15.4625 0 19.689"/>
		<Property name="radius" valueType="float" value="2"/>
	</LogicType>
	<LogicType name="出现区域" type="areaAppear" defaultResource="p0c1_005.actor">
		<Property name="key" valueType="string" value="areaAppear_2"/>
		<Property name="position" valueType="vector3" value="71.1168 0 61.4677"/>
		<Property name="radius" valueType="float" value="2"/>
	</LogicType>
	<LogicType name="出现区域" type="areaAppear" defaultResource="p0c1_005.actor">
		<Property name="key" valueType="string" value="areaAppear_3"/>
		<Property name="position" valueType="vector3" value="15.9728 0 102.782"/>
		<Property name="radius" valueType="float" value="2"/>
	</LogicType>
	<LogicType name="一片空白区域（用来在地图上设置坐标点，后端程序能够拿到指定坐标）" type="areaCommon" defaultResource="chuansong2.actor">
		<Property name="key" valueType="string" value="sparStone_1"/>
		<Property name="position" valueType="vector3" value="11.8596 0 55.2828"/>
		<Property name="radius" valueType="float" value="2"/>
		<Property name="subType" valueType="string" value="sparStone"/>
	</LogicType>
	<LogicType name="一片空白区域（用来在地图上设置坐标点，后端程序能够拿到指定坐标）" type="areaCommon" defaultResource="chuansong2.actor">
		<Property name="key" valueType="string" value="sparStone_2"/>
		<Property name="position" valueType="vector3" value="5.41265 0 54.5071"/>
		<Property name="radius" valueType="float" value="2"/>
		<Property name="subType" valueType="string" value="sparStone"/>
	</LogicType>
	<LogicType name="一片空白区域（用来在地图上设置坐标点，后端程序能够拿到指定坐标）" type="areaCommon" defaultResource="chuansong2.actor">
		<Property name="key" valueType="string" value="sparStone_3"/>
		<Property name="position" valueType="vector3" value="5.7914 0 60.2225"/>
		<Property name="radius" valueType="float" value="2"/>
		<Property name="subType" valueType="string" value="sparStone"/>
	</LogicType>
	<LogicType name="一片空白区域（用来在地图上设置坐标点，后端程序能够拿到指定坐标）" type="areaCommon" defaultResource="chuansong2.actor">
		<Property name="key" valueType="string" value="sparStone_4"/>
		<Property name="position" valueType="vector3" value="12.1917 0 60.2378"/>
		<Property name="radius" valueType="float" value="2"/>
		<Property name="subType" valueType="string" value="sparStone"/>
	</LogicType>
	<LogicType name="一片空白区域（用来在地图上设置坐标点，后端程序能够拿到指定坐标）" type="areaCommon" defaultResource="chuansong2.actor">
		<Property name="key" valueType="string" value="sparStone_5"/>
		<Property name="position" valueType="vector3" value="47.638 0 27.0122"/>
		<Property name="radius" valueType="float" value="2"/>
		<Property name="subType" valueType="string" value="sparStone"/>
	</LogicType>
	<LogicType name="一片空白区域（用来在地图上设置坐标点，后端程序能够拿到指定坐标）" type="areaCommon" defaultResource="chuansong2.actor">
		<Property name="key" valueType="string" value="sparStone_6"/>
		<Property name="position" valueType="vector3" value="53.0307 0 25.0859"/>
		<Property name="radius" valueType="float" value="2"/>
		<Property name="subType" valueType="string" value="sparStone"/>
	</LogicType>
	<LogicType name="一片空白区域（用来在地图上设置坐标点，后端程序能够拿到指定坐标）" type="areaCommon" defaultResource="chuansong2.actor">
		<Property name="key" valueType="string" value="sparStone_7"/>
		<Property name="position" valueType="vector3" value="47.6341 0 20.0208"/>
		<Property name="radius" valueType="float" value="2"/>
		<Property name="subType" valueType="string" value="sparStone"/>
	</LogicType>
	<LogicType name="一片空白区域（用来在地图上设置坐标点，后端程序能够拿到指定坐标）" type="areaCommon" defaultResource="chuansong2.actor">
		<Property name="key" valueType="string" value="sparStone_8"/>
		<Property name="position" valueType="vector3" value="43.1418 0 25.6781"/>
		<Property name="radius" valueType="float" value="2"/>
		<Property name="subType" valueType="string" value="sparStone"/>
	</LogicType>
	<LogicType name="一片空白区域（用来在地图上设置坐标点，后端程序能够拿到指定坐标）" type="areaCommon" defaultResource="chuansong2.actor">
		<Property name="key" valueType="string" value="sparStone_9"/>
		<Property name="position" valueType="vector3" value="53.9012 0 104.698"/>
		<Property name="radius" valueType="float" value="2"/>
		<Property name="subType" valueType="string" value="sparStone"/>
	</LogicType>
	<LogicType name="一片空白区域（用来在地图上设置坐标点，后端程序能够拿到指定坐标）" type="areaCommon" defaultResource="chuansong2.actor">
		<Property name="key" valueType="string" value="sparStone_10"/>
		<Property name="position" valueType="vector3" value="47.6806 0 102.612"/>
		<Property name="radius" valueType="float" value="2"/>
		<Property name="subType" valueType="string" value="sparStone"/>
	</LogicType>
	<LogicType name="一片空白区域（用来在地图上设置坐标点，后端程序能够拿到指定坐标）" type="areaCommon" defaultResource="chuansong2.actor">
		<Property name="key" valueType="string" value="sparStone_11"/>
		<Property name="position" valueType="vector3" value="46.049 0 108.266"/>
		<Property name="radius" valueType="float" value="2"/>
		<Property name="subType" valueType="string" value="sparStone"/>
	</LogicType>
	<LogicType name="一片空白区域（用来在地图上设置坐标点，后端程序能够拿到指定坐标）" type="areaCommon" defaultResource="chuansong2.actor">
		<Property name="key" valueType="string" value="sparStone_12"/>
		<Property name="position" valueType="vector3" value="51.1768 0 111.976"/>
		<Property name="radius" valueType="float" value="2"/>
		<Property name="subType" valueType="string" value="sparStone"/>
	</LogicType>
	<LogicType name="一片空白区域（用来在地图上设置坐标点，后端程序能够拿到指定坐标）" type="areaCommon" defaultResource="chuansong2.actor">
		<Property name="key" valueType="string" value="sparStone_13"/>
		<Property name="position" valueType="vector3" value="44.4372 0 56.8668"/>
		<Property name="radius" valueType="float" value="2"/>
		<Property name="subType" valueType="string" value="sparStone"/>
	</LogicType>
	<LogicType name="一片空白区域（用来在地图上设置坐标点，后端程序能够拿到指定坐标）" type="areaCommon" defaultResource="chuansong2.actor">
		<Property name="key" valueType="string" value="sparStone_14"/>
		<Property name="position" valueType="vector3" value="38.8468 0 52.66"/>
		<Property name="radius" valueType="float" value="2"/>
		<Property name="subType" valueType="string" value="sparStone"/>
	</LogicType>
	<LogicType name="一片空白区域（用来在地图上设置坐标点，后端程序能够拿到指定坐标）" type="areaCommon" defaultResource="chuansong2.actor">
		<Property name="key" valueType="string" value="sparStone_15"/>
		<Property name="position" valueType="vector3" value="35.2316 0 58.7779"/>
		<Property name="radius" valueType="float" value="2"/>
		<Property name="subType" valueType="string" value="sparStone"/>
	</LogicType>
	<LogicType name="一片空白区域（用来在地图上设置坐标点，后端程序能够拿到指定坐标）" type="areaCommon" defaultResource="chuansong2.actor">
		<Property name="key" valueType="string" value="sparStone_16"/>
		<Property name="position" valueType="vector3" value="44.872 0 62.5249"/>
		<Property name="radius" valueType="float" value="2"/>
		<Property name="subType" valueType="string" value="sparStone"/>
	</LogicType>
	<LogicType name="一片空白区域（用来在地图上设置坐标点，后端程序能够拿到指定坐标）" type="areaCommon" defaultResource="chuansong2.actor">
		<Property name="key" valueType="string" value="sparStone_17"/>
		<Property name="position" valueType="vector3" value="38.3905 0 64.5473"/>
		<Property name="radius" valueType="float" value="2"/>
		<Property name="subType" valueType="string" value="sparStone"/>
	</LogicType>
	<LogicType name="一片空白区域（用来在地图上设置坐标点，后端程序能够拿到指定坐标）" type="areaCommon" defaultResource="chuansong2.actor">
		<Property name="key" valueType="string" value="sparStone_18"/>
		<Property name="position" valueType="vector3" value="33.7448 0 53.7274"/>
		<Property name="radius" valueType="float" value="2"/>
		<Property name="subType" valueType="string" value="sparStone"/>
	</LogicType>
	<LogicType name="一片空白区域（用来在地图上设置坐标点，后端程序能够拿到指定坐标）" type="areaCommon" defaultResource="chuansong2.actor">
		<Property name="key" valueType="string" value="sparStone_19"/>
		<Property name="position" valueType="vector3" value="44.0114 0 52.4991"/>
		<Property name="radius" valueType="float" value="2"/>
		<Property name="subType" valueType="string" value="sparStone"/>
	</LogicType>
	<LogicType name="一片空白区域（用来在地图上设置坐标点，后端程序能够拿到指定坐标）" type="areaCommon" defaultResource="chuansong2.actor">
		<Property name="key" valueType="string" value="sparStone_20"/>
		<Property name="position" valueType="vector3" value="33.3246 0 64.8571"/>
		<Property name="radius" valueType="float" value="2"/>
		<Property name="subType" valueType="string" value="sparStone"/>
	</LogicType>
	<LogicType name="一片空白区域（用来在地图上设置坐标点，后端程序能够拿到指定坐标）" type="areaCommon" defaultResource="chuansong2.actor">
		<Property name="key" valueType="string" value="sparStone_21"/>
		<Property name="position" valueType="vector3" value="23.4666 0 39.2674"/>
		<Property name="radius" valueType="float" value="2"/>
		<Property name="subType" valueType="string" value="sparStone"/>
	</LogicType>
	<LogicType name="一片空白区域（用来在地图上设置坐标点，后端程序能够拿到指定坐标）" type="areaCommon" defaultResource="chuansong2.actor">
		<Property name="key" valueType="string" value="sparStone_22"/>
		<Property name="position" valueType="vector3" value="53.8881 0 34.9586"/>
		<Property name="radius" valueType="float" value="2"/>
		<Property name="subType" valueType="string" value="sparStone"/>
	</LogicType>
	<LogicType name="一片空白区域（用来在地图上设置坐标点，后端程序能够拿到指定坐标）" type="areaCommon" defaultResource="chuansong2.actor">
		<Property name="key" valueType="string" value="sparStone_23"/>
		<Property name="position" valueType="vector3" value="51.4664 0 79.1788"/>
		<Property name="radius" valueType="float" value="2"/>
		<Property name="subType" valueType="string" value="sparStone"/>
	</LogicType>
	<LogicType name="一片空白区域（用来在地图上设置坐标点，后端程序能够拿到指定坐标）" type="areaCommon" defaultResource="chuansong2.actor">
		<Property name="key" valueType="string" value="sparStone_24"/>
		<Property name="position" valueType="vector3" value="67.6329 0 95.7965"/>
		<Property name="radius" valueType="float" value="2"/>
		<Property name="subType" valueType="string" value="sparStone"/>
	</LogicType>
	<LogicType name="一片空白区域（用来在地图上设置坐标点，后端程序能够拿到指定坐标）" type="areaCommon" defaultResource="chuansong2.actor">
		<Property name="key" valueType="string" value="sparStone_25"/>
		<Property name="position" valueType="vector3" value="23.6632 0 88.0972"/>
		<Property name="radius" valueType="float" value="2"/>
		<Property name="subType" valueType="string" value="sparStone"/>
	</LogicType>
	<LogicType name="一片空白区域（用来在地图上设置坐标点，后端程序能够拿到指定坐标）" type="areaCommon" defaultResource="chuansong2.actor">
		<Property name="key" valueType="string" value="sparStone_26"/>
		<Property name="position" valueType="vector3" value="22.8884 0 63.1375"/>
		<Property name="radius" valueType="float" value="2"/>
		<Property name="subType" valueType="string" value="sparStone"/>
	</LogicType>
	<LogicType name="一片空白区域（用来在地图上设置坐标点，后端程序能够拿到指定坐标）" type="areaCommon" defaultResource="chuansong2.actor">
		<Property name="key" valueType="string" value="sparStone_27"/>
		<Property name="position" valueType="vector3" value="32.3648 0 100.203"/>
		<Property name="radius" valueType="float" value="2"/>
		<Property name="subType" valueType="string" value="sparStone"/>
	</LogicType>
	<LogicType name="一片空白区域（用来在地图上设置坐标点，后端程序能够拿到指定坐标）" type="areaCommon" defaultResource="chuansong2.actor">
		<Property name="key" valueType="string" value="sparStone_28"/>
		<Property name="position" valueType="vector3" value="33.8177 0 82.0871"/>
		<Property name="radius" valueType="float" value="2"/>
		<Property name="subType" valueType="string" value="sparStone"/>
	</LogicType>
	<LogicType name="一片空白区域（用来在地图上设置坐标点，后端程序能够拿到指定坐标）" type="areaCommon" defaultResource="chuansong2.actor">
		<Property name="key" valueType="string" value="sparStone_29"/>
		<Property name="position" valueType="vector3" value="52.5693 0 91.1093"/>
		<Property name="radius" valueType="float" value="2"/>
		<Property name="subType" valueType="string" value="sparStone"/>
	</LogicType>
	<LogicType name="一片空白区域（用来在地图上设置坐标点，后端程序能够拿到指定坐标）" type="areaCommon" defaultResource="chuansong2.actor">
		<Property name="key" valueType="string" value="sparStone_30"/>
		<Property name="position" valueType="vector3" value="18.5538 0 74.0479"/>
		<Property name="radius" valueType="float" value="2"/>
		<Property name="subType" valueType="string" value="sparStone"/>
	</LogicType>
	<LogicType name="一片空白区域（用来在地图上设置坐标点，后端程序能够拿到指定坐标）" type="areaCommon" defaultResource="chuansong2.actor">
		<Property name="key" valueType="string" value="sparBuff_1"/>
		<Property name="position" valueType="vector3" value="15.8268 0 58.0043"/>
		<Property name="radius" valueType="float" value="2"/>
		<Property name="subType" valueType="string" value="sparBuff"/>
	</LogicType>
	<LogicType name="一片空白区域（用来在地图上设置坐标点，后端程序能够拿到指定坐标）" type="areaCommon" defaultResource="chuansong2.actor">
		<Property name="key" valueType="string" value="sparBuff_2"/>
		<Property name="position" valueType="vector3" value="27.7981 0 40.7342"/>
		<Property name="radius" valueType="float" value="2"/>
		<Property name="subType" valueType="string" value="sparBuff"/>
	</LogicType>
	<LogicType name="一片空白区域（用来在地图上设置坐标点，后端程序能够拿到指定坐标）" type="areaCommon" defaultResource="chuansong2.actor">
		<Property name="key" valueType="string" value="sparBuff_3"/>
		<Property name="position" valueType="vector3" value="61.7149 0 38.7679"/>
		<Property name="radius" valueType="float" value="2"/>
		<Property name="subType" valueType="string" value="sparBuff"/>
	</LogicType>
	<LogicType name="一片空白区域（用来在地图上设置坐标点，后端程序能够拿到指定坐标）" type="areaCommon" defaultResource="chuansong2.actor">
		<Property name="key" valueType="string" value="sparBuff_4"/>
		<Property name="position" valueType="vector3" value="50.4615 0 58.9959"/>
		<Property name="radius" valueType="float" value="2"/>
		<Property name="subType" valueType="string" value="sparBuff"/>
	</LogicType>
	<LogicType name="一片空白区域（用来在地图上设置坐标点，后端程序能够拿到指定坐标）" type="areaCommon" defaultResource="chuansong2.actor">
		<Property name="key" valueType="string" value="sparBuff_5"/>
		<Property name="position" valueType="vector3" value="28.8374 0 59.3926"/>
		<Property name="radius" valueType="float" value="2"/>
		<Property name="subType" valueType="string" value="sparBuff"/>
	</LogicType>
	<LogicType name="一片空白区域（用来在地图上设置坐标点，后端程序能够拿到指定坐标）" type="areaCommon" defaultResource="chuansong2.actor">
		<Property name="key" valueType="string" value="sparBuff_6"/>
		<Property name="position" valueType="vector3" value="37.2444 0 48.1581"/>
		<Property name="radius" valueType="float" value="2"/>
		<Property name="subType" valueType="string" value="sparBuff"/>
	</LogicType>
	<LogicType name="一片空白区域（用来在地图上设置坐标点，后端程序能够拿到指定坐标）" type="areaCommon" defaultResource="chuansong2.actor">
		<Property name="key" valueType="string" value="sparBuff_7"/>
		<Property name="position" valueType="vector3" value="41.6762 0 72.8259"/>
		<Property name="radius" valueType="float" value="2"/>
		<Property name="subType" valueType="string" value="sparBuff"/>
	</LogicType>
	<LogicType name="一片空白区域（用来在地图上设置坐标点，后端程序能够拿到指定坐标）" type="areaCommon" defaultResource="chuansong2.actor">
		<Property name="key" valueType="string" value="sparBuff_8"/>
		<Property name="position" valueType="vector3" value="40.8788 0 101.684"/>
		<Property name="radius" valueType="float" value="2"/>
		<Property name="subType" valueType="string" value="sparBuff"/>
	</LogicType>
	<LogicType name="一片空白区域（用来在地图上设置坐标点，后端程序能够拿到指定坐标）" type="areaCommon" defaultResource="chuansong2.actor">
		<Property name="key" valueType="string" value="sparBuff_9"/>
		<Property name="position" valueType="vector3" value="54.0175 0 66.9009"/>
		<Property name="radius" valueType="float" value="2"/>
		<Property name="subType" valueType="string" value="sparBuff"/>
	</LogicType>
	<LogicType name="一片空白区域（用来在地图上设置坐标点，后端程序能够拿到指定坐标）" type="areaCommon" defaultResource="chuansong2.actor">
		<Property name="key" valueType="string" value="sparBuff_10"/>
		<Property name="position" valueType="vector3" value="59.6526 0 102.604"/>
		<Property name="radius" valueType="float" value="2"/>
		<Property name="subType" valueType="string" value="sparBuff"/>
	</LogicType>
	<LogicType name="一片空白区域（用来在地图上设置坐标点，后端程序能够拿到指定坐标）" type="areaCommon" defaultResource="chuansong2.actor">
		<Property name="key" valueType="string" value="sparFlag_1"/>
		<Property name="position" valueType="vector3" value="6.93479 0 57.7361"/>
		<Property name="radius" valueType="float" value="2"/>
		<Property name="subType" valueType="string" value="sparFlag"/>
	</LogicType>
	<LogicType name="一片空白区域（用来在地图上设置坐标点，后端程序能够拿到指定坐标）" type="areaCommon" defaultResource="chuansong2.actor">
		<Property name="key" valueType="string" value="sparFlag_2"/>
		<Property name="position" valueType="vector3" value="49.4177 0 21.0821"/>
		<Property name="radius" valueType="float" value="2"/>
		<Property name="subType" valueType="string" value="sparFlag"/>
	</LogicType>
	<LogicType name="一片空白区域（用来在地图上设置坐标点，后端程序能够拿到指定坐标）" type="areaCommon" defaultResource="chuansong2.actor">
		<Property name="key" valueType="string" value="sparFlag_3"/>
		<Property name="position" valueType="vector3" value="39.5493 0 59.0804"/>
		<Property name="radius" valueType="float" value="2"/>
		<Property name="subType" valueType="string" value="sparFlag"/>
	</LogicType>
	<LogicType name="一片空白区域（用来在地图上设置坐标点，后端程序能够拿到指定坐标）" type="areaCommon" defaultResource="chuansong2.actor">
		<Property name="key" valueType="string" value="sparFlag_4"/>
		<Property name="position" valueType="vector3" value="50.0784 0 106.254"/>
		<Property name="radius" valueType="float" value="2"/>
		<Property name="subType" valueType="string" value="sparFlag"/>
	</LogicType>
	<LogicType name="一片空白区域（用来在地图上设置坐标点，后端程序能够拿到指定坐标）" type="areaCommon" defaultResource="chuansong2.actor">
		<Property name="key" valueType="string" value="sparBase_1"/>
		<Property name="position" valueType="vector3" value="20.5042 0 25.1814"/>
		<Property name="radius" valueType="float" value="2"/>
		<Property name="subType" valueType="string" value="sparBase"/>
	</LogicType>
	<LogicType name="一片空白区域（用来在地图上设置坐标点，后端程序能够拿到指定坐标）" type="areaCommon" defaultResource="chuansong2.actor">
		<Property name="key" valueType="string" value="sparBase_2"/>
		<Property name="position" valueType="vector3" value="64.8847 0 63.8123"/>
		<Property name="radius" valueType="float" value="2"/>
		<Property name="subType" valueType="string" value="sparBase"/>
	</LogicType>
	<LogicType name="一片空白区域（用来在地图上设置坐标点，后端程序能够拿到指定坐标）" type="areaCommon" defaultResource="chuansong2.actor">
		<Property name="key" valueType="string" value="sparBase_3"/>
		<Property name="position" valueType="vector3" value="20.7109 0 97.8289"/>
		<Property name="radius" valueType="float" value="2"/>
		<Property name="subType" valueType="string" value="sparBase"/>
	</LogicType>
</LogicTypeRoot>
