<?xml version='1.0' encoding='utf-8' ?>
<LogicTypeRoot>
	<LogicType name="出现区域" type="areaAppear" defaultResource="p1c1.actor">
		<Property name="key" valueType="string" value="areaAppear_1"/>
		<Property name="position" valueType="vector3" value="15.8785 0 96.0354"/>
		<Property name="radius" valueType="float" value="2"/>
	</LogicType>
	<LogicType name="怪物" type="monster" defaultResource="p1c1.actor">
		<Property name="key" valueType="string" value="monster_0"/>
		<Property name="sn" valueType="int" value="70001001"/>
		<Property name="position" valueType="vector3" value="33.06 0 78.2489"/>
		<Property name="num" valueType="int" value="3"/>
		<Property name="active" valueType="bool" value="false"/>
		<Property name="radius" valueType="float" value="2"/>
		<Property name="face" valueType="int" value="0"/>
	</LogicType>
	<LogicType name="怪物" type="monster" defaultResource="p1c1.actor">
		<Property name="key" valueType="string" value="monster_1"/>
		<Property name="sn" valueType="int" value="70001001"/>
		<Property name="position" valueType="vector3" value="36.0313 0 75.006"/>
		<Property name="num" valueType="int" value="3"/>
		<Property name="active" valueType="bool" value="false"/>
		<Property name="radius" valueType="float" value="2"/>
		<Property name="face" valueType="int" value="0"/>
	</LogicType>
	<LogicType name="怪物" type="monster" defaultResource="p1c1.actor">
		<Property name="key" valueType="string" value="monster_2"/>
		<Property name="sn" valueType="int" value="70001001"/>
		<Property name="position" valueType="vector3" value="39.0447 0 72.5268"/>
		<Property name="num" valueType="int" value="3"/>
		<Property name="active" valueType="bool" value="false"/>
		<Property name="radius" valueType="float" value="2"/>
		<Property name="face" valueType="int" value="0"/>
	</LogicType>
	<LogicType name="怪物" type="monster" defaultResource="p1c1.actor">
		<Property name="key" valueType="string" value="monster_3"/>
		<Property name="sn" valueType="int" value="70001001"/>
		<Property name="position" valueType="vector3" value="41.4263 0 69.5656"/>
		<Property name="num" valueType="int" value="3"/>
		<Property name="active" valueType="bool" value="false"/>
		<Property name="radius" valueType="float" value="2"/>
		<Property name="face" valueType="int" value="0"/>
	</LogicType>
	<LogicType name="怪物" type="monster" defaultResource="p1c1.actor">
		<Property name="key" valueType="string" value="monster_4"/>
		<Property name="sn" valueType="int" value="70001001"/>
		<Property name="position" valueType="vector3" value="44.3313 0 66.7797"/>
		<Property name="num" valueType="int" value="3"/>
		<Property name="active" valueType="bool" value="false"/>
		<Property name="radius" valueType="float" value="2"/>
		<Property name="face" valueType="int" value="0"/>
	</LogicType>
	<LogicType name="怪物" type="monster" defaultResource="p1c1.actor">
		<Property name="key" valueType="string" value="monster_5"/>
		<Property name="sn" valueType="int" value="70001002"/>
		<Property name="position" valueType="vector3" value="58.9592 0 56.755"/>
		<Property name="num" valueType="int" value="2"/>
		<Property name="active" valueType="bool" value="false"/>
		<Property name="radius" valueType="float" value="1.5"/>
		<Property name="face" valueType="int" value="0"/>
	</LogicType>
	<LogicType name="怪物" type="monster" defaultResource="p1c1.actor">
		<Property name="key" valueType="string" value="monster_6"/>
		<Property name="sn" valueType="int" value="70001002"/>
		<Property name="position" valueType="vector3" value="63.2203 0 55.5593"/>
		<Property name="num" valueType="int" value="2"/>
		<Property name="active" valueType="bool" value="false"/>
		<Property name="radius" valueType="float" value="1.5"/>
		<Property name="face" valueType="int" value="0"/>
	</LogicType>
	<LogicType name="怪物" type="monster" defaultResource="p1c1.actor">
		<Property name="key" valueType="string" value="monster_7"/>
		<Property name="sn" valueType="int" value="70001002"/>
		<Property name="position" valueType="vector3" value="66.7248 0 53.1121"/>
		<Property name="num" valueType="int" value="2"/>
		<Property name="active" valueType="bool" value="false"/>
		<Property name="radius" valueType="float" value="1.5"/>
		<Property name="face" valueType="int" value="0"/>
	</LogicType>
	<LogicType name="怪物" type="monster" defaultResource="p1c1.actor">
		<Property name="key" valueType="string" value="monster_8"/>
		<Property name="sn" valueType="int" value="70001002"/>
		<Property name="position" valueType="vector3" value="68.5033 0 47.644"/>
		<Property name="num" valueType="int" value="2"/>
		<Property name="active" valueType="bool" value="false"/>
		<Property name="radius" valueType="float" value="1.5"/>
		<Property name="face" valueType="int" value="0"/>
	</LogicType>
	<LogicType name="怪物" type="monster" defaultResource="p1c1.actor">
		<Property name="key" valueType="string" value="monster_9"/>
		<Property name="sn" valueType="int" value="70001002"/>
		<Property name="position" valueType="vector3" value="69.2456 0 57.5162"/>
		<Property name="num" valueType="int" value="2"/>
		<Property name="active" valueType="bool" value="false"/>
		<Property name="radius" valueType="float" value="1.5"/>
		<Property name="face" valueType="int" value="0"/>
	</LogicType>
	<LogicType name="怪物" type="monster" defaultResource="p1c1.actor">
		<Property name="key" valueType="string" value="monster_10"/>
		<Property name="sn" valueType="int" value="70001003"/>
		<Property name="position" valueType="vector3" value="80.4732 0 74.6946"/>
		<Property name="num" valueType="int" value="3"/>
		<Property name="active" valueType="bool" value="false"/>
		<Property name="radius" valueType="float" value="2"/>
		<Property name="face" valueType="int" value="0"/>
	</LogicType>
	<LogicType name="怪物" type="monster" defaultResource="p1c1.actor">
		<Property name="key" valueType="string" value="monster_11"/>
		<Property name="sn" valueType="int" value="70001003"/>
		<Property name="position" valueType="vector3" value="84.2775 0 73.2509"/>
		<Property name="num" valueType="int" value="3"/>
		<Property name="active" valueType="bool" value="true"/>
		<Property name="radius" valueType="float" value="2"/>
		<Property name="face" valueType="int" value="0"/>
	</LogicType>
	<LogicType name="怪物" type="monster" defaultResource="p1c1.actor">
		<Property name="key" valueType="string" value="monster_12"/>
		<Property name="sn" valueType="int" value="70001003"/>
		<Property name="position" valueType="vector3" value="85.9908 0 68.7859"/>
		<Property name="num" valueType="int" value="3"/>
		<Property name="active" valueType="bool" value="false"/>
		<Property name="radius" valueType="float" value="2"/>
		<Property name="face" valueType="int" value="0"/>
	</LogicType>
	<LogicType name="怪物" type="monster" defaultResource="p1c1.actor">
		<Property name="key" valueType="string" value="monster_13"/>
		<Property name="sn" valueType="int" value="70001003"/>
		<Property name="position" valueType="vector3" value="93.0792 0 47.2374"/>
		<Property name="num" valueType="int" value="2"/>
		<Property name="active" valueType="bool" value="false"/>
		<Property name="radius" valueType="float" value="1.5"/>
		<Property name="face" valueType="int" value="0"/>
	</LogicType>
	<LogicType name="怪物" type="monster" defaultResource="p1c1.actor">
		<Property name="key" valueType="string" value="monster_14"/>
		<Property name="sn" valueType="int" value="70001003"/>
		<Property name="position" valueType="vector3" value="95.8526 0 50.7507"/>
		<Property name="num" valueType="int" value="2"/>
		<Property name="active" valueType="bool" value="false"/>
		<Property name="radius" valueType="float" value="1.5"/>
		<Property name="face" valueType="int" value="0"/>
	</LogicType>
	<LogicType name="怪物" type="monster" defaultResource="p1c1.actor">
		<Property name="key" valueType="string" value="monster_15"/>
		<Property name="sn" valueType="int" value="70001003"/>
		<Property name="position" valueType="vector3" value="95.2614 0 44.5632"/>
		<Property name="num" valueType="int" value="2"/>
		<Property name="active" valueType="bool" value="false"/>
		<Property name="radius" valueType="float" value="1.5"/>
		<Property name="face" valueType="int" value="0"/>
	</LogicType>
	<LogicType name="怪物" type="monster" defaultResource="p1c1.actor">
		<Property name="key" valueType="string" value="monster_16"/>
		<Property name="sn" valueType="int" value="70001003"/>
		<Property name="position" valueType="vector3" value="97.2487 0 47.777"/>
		<Property name="num" valueType="int" value="2"/>
		<Property name="active" valueType="bool" value="false"/>
		<Property name="radius" valueType="float" value="1.5"/>
		<Property name="face" valueType="int" value="0"/>
	</LogicType>
	<LogicType name="怪物" type="monster" defaultResource="p1c1.actor">
		<Property name="key" valueType="string" value="monster_17"/>
		<Property name="sn" valueType="int" value="70001006"/>
		<Property name="position" valueType="vector3" value="83.8485 0 34.5062"/>
		<Property name="num" valueType="int" value="3"/>
		<Property name="active" valueType="bool" value="false"/>
		<Property name="radius" valueType="float" value="2"/>
		<Property name="face" valueType="int" value="0"/>
	</LogicType>
	<LogicType name="怪物" type="monster" defaultResource="p1c1.actor">
		<Property name="key" valueType="string" value="monster_18"/>
		<Property name="sn" valueType="int" value="70001006"/>
		<Property name="position" valueType="vector3" value="86.6743 0 30.4502"/>
		<Property name="num" valueType="int" value="3"/>
		<Property name="active" valueType="bool" value="false"/>
		<Property name="radius" valueType="float" value="2"/>
		<Property name="face" valueType="int" value="0"/>
	</LogicType>
	<LogicType name="怪物" type="monster" defaultResource="p1c1.actor">
		<Property name="key" valueType="string" value="monster_19"/>
		<Property name="sn" valueType="int" value="70001006"/>
		<Property name="position" valueType="vector3" value="76.8481 0 31.1915"/>
		<Property name="num" valueType="int" value="3"/>
		<Property name="active" valueType="bool" value="false"/>
		<Property name="radius" valueType="float" value="2"/>
		<Property name="face" valueType="int" value="0"/>
	</LogicType>
	<LogicType name="怪物" type="monster" defaultResource="p1c1.actor">
		<Property name="key" valueType="string" value="monster_19"/>
		<Property name="sn" valueType="int" value="70001006"/>
		<Property name="position" valueType="vector3" value="79.3774 0 26.019"/>
		<Property name="num" valueType="int" value="3"/>
		<Property name="active" valueType="bool" value="false"/>
		<Property name="radius" valueType="float" value="2"/>
		<Property name="face" valueType="int" value="0"/>
	</LogicType>
	<LogicType name="怪物" type="monster" defaultResource="p1c1.actor">
		<Property name="key" valueType="string" value="monster_20"/>
		<Property name="sn" valueType="int" value="70001006"/>
		<Property name="position" valueType="vector3" value="75.8242 0 22.8326"/>
		<Property name="num" valueType="int" value="3"/>
		<Property name="active" valueType="bool" value="false"/>
		<Property name="radius" valueType="float" value="2"/>
		<Property name="face" valueType="int" value="0"/>
	</LogicType>
	<LogicType name="怪物" type="monster" defaultResource="p1c1.actor">
		<Property name="key" valueType="string" value="monster_21"/>
		<Property name="sn" valueType="int" value="70001004"/>
		<Property name="position" valueType="vector3" value="61.2688 0 14.3035"/>
		<Property name="num" valueType="int" value="2"/>
		<Property name="active" valueType="bool" value="false"/>
		<Property name="radius" valueType="float" value="2"/>
		<Property name="face" valueType="int" value="0"/>
	</LogicType>
	<LogicType name="怪物" type="monster" defaultResource="p1c1.actor">
		<Property name="key" valueType="string" value="monster_22"/>
		<Property name="sn" valueType="int" value="70001004"/>
		<Property name="position" valueType="vector3" value="57.1366 1.52588e-005 9.35257"/>
		<Property name="num" valueType="int" value="2"/>
		<Property name="active" valueType="bool" value="false"/>
		<Property name="radius" valueType="float" value="2"/>
		<Property name="face" valueType="int" value="0"/>
	</LogicType>
	<LogicType name="怪物" type="monster" defaultResource="p1c1.actor">
		<Property name="key" valueType="string" value="monster_23"/>
		<Property name="sn" valueType="int" value="70001004"/>
		<Property name="position" valueType="vector3" value="50.9497 0 13.2239"/>
		<Property name="num" valueType="int" value="2"/>
		<Property name="active" valueType="bool" value="false"/>
		<Property name="radius" valueType="float" value="2"/>
		<Property name="face" valueType="int" value="0"/>
	</LogicType>
	<LogicType name="怪物" type="monster" defaultResource="p1c1.actor">
		<Property name="key" valueType="string" value="monster_24"/>
		<Property name="sn" valueType="int" value="70001004"/>
		<Property name="position" valueType="vector3" value="55.0375 0 16.791"/>
		<Property name="num" valueType="int" value="2"/>
		<Property name="active" valueType="bool" value="false"/>
		<Property name="radius" valueType="float" value="2"/>
		<Property name="face" valueType="int" value="0"/>
	</LogicType>
	<LogicType name="怪物" type="monster" defaultResource="p1c1.actor">
		<Property name="key" valueType="string" value="monster_25"/>
		<Property name="sn" valueType="int" value="70001005"/>
		<Property name="position" valueType="vector3" value="31.0151 0 36.9704"/>
		<Property name="num" valueType="int" value="1"/>
		<Property name="active" valueType="bool" value="false"/>
		<Property name="radius" valueType="float" value="2"/>
		<Property name="face" valueType="int" value="0"/>
	</LogicType>
	<LogicType name="机关" type="trigger" defaultResource="p1c1.actor">
		<Property name="key" valueType="string" value="trigger_1"/>
		<Property name="sn" valueType="int" value="10036"/>
		<Property name="position" valueType="vector3" value="31.1825 0 80.3866"/>
	</LogicType>
	<LogicType name="机关" type="trigger" defaultResource="p1c1.actor">
		<Property name="key" valueType="string" value="trigger_2"/>
		<Property name="sn" valueType="int" value="10037"/>
		<Property name="position" valueType="vector3" value="48.403 0 60.7658"/>
	</LogicType>
	<LogicType name="机关" type="trigger" defaultResource="p1c1.actor">
		<Property name="key" valueType="string" value="trigger_3"/>
		<Property name="sn" valueType="int" value="10038"/>
		<Property name="position" valueType="vector3" value="79.2811 0 67.1923"/>
	</LogicType>
	<LogicType name="机关" type="trigger" defaultResource="p1c1.actor">
		<Property name="key" valueType="string" value="trigger_4"/>
		<Property name="sn" valueType="int" value="10039"/>
		<Property name="position" valueType="vector3" value="90.013 7.62939e-006 34.835"/>
	</LogicType>
	<LogicType name="机关" type="trigger" defaultResource="p1c1.actor">
		<Property name="key" valueType="string" value="trigger_5"/>
		<Property name="sn" valueType="int" value="10040"/>
		<Property name="position" valueType="vector3" value="72.4779 0.351761 19.9202"/>
	</LogicType>
	<LogicType name="机关" type="trigger" defaultResource="p1c1.actor">
		<Property name="key" valueType="string" value="trigger_6"/>
		<Property name="sn" valueType="int" value="10041"/>
		<Property name="position" valueType="vector3" value="42.4742 0 24.5115"/>
	</LogicType>
	<LogicType name="副本离开区域" type="areaInstanceLeave" defaultResource="p1c1.actor">
		<Property name="position" valueType="vector3" value="36.5375 0 24.9474"/>
		<Property name="radius" valueType="float" value="2"/>
	</LogicType>
</LogicTypeRoot>

