﻿<?xml version='1.0' encoding='utf-8' ?>
<LogicTypeRoot>
	<LogicType name="出现区域" type="areaAppear" defaultResource="p0c1_005.actor">
		<Property name="key" valueType="string" value="areaAppear_1"/>
		<Property name="position" valueType="vector3" value="29.2918 0 36.2122"/>
		<Property name="radius" valueType="float" value="1"/>
	</LogicType>
	<LogicType name="出现区域" type="areaAppear" defaultResource="p0c1_005.actor">
		<Property name="key" valueType="string" value="areaAppear_2"/>
		<Property name="position" valueType="vector3" value="10.7595 0 36.0022"/>
		<Property name="radius" valueType="float" value="1"/>
	</LogicType>
</LogicTypeRoot>

