<?xml version='1.0' encoding='utf-8' ?>
<LogicTypeRoot>
	<LogicType name="出现区域" type="areaAppear" defaultResource="p1c1.actor">
		<Property name="key" valueType="string" value="areaAppear_1"/>
		<Property name="position" valueType="vector3" value="62.4466 0 53.5076"/>
		<Property name="radius" valueType="float" value="2"/>
	</LogicType>
	<LogicType name="怪物" type="monster" defaultResource="p1c1.actor">
		<Property name="key" valueType="string" value="monster_1"/>
		<Property name="sn" valueType="int" value="8010001"/>
		<Property name="position" valueType="vector3" value="20.3363 0 32.212"/>
		<Property name="num" valueType="int" value="1"/>
		<Property name="active" valueType="bool" value="true"/>
		<Property name="radius" valueType="float" value="1"/>
		<Property name="face" valueType="int" value="0"/>
	</LogicType>
	<LogicType name="出现区域" type="areaAppear" defaultResource="p1c1.actor">
		<Property name="key" valueType="string" value="areaAppear_1"/>
		<Property name="position" valueType="vector3" value="20.1216 0 42.8384"/>
		<Property name="radius" valueType="float" value="2"/>
	</LogicType>
</LogicTypeRoot>

