<?xml version='1.0' encoding='utf-8' ?>
<LogicTypeRoot>
	<LogicType name="出现区域" type="areaAppear" defaultResource="p0c1_005.actor">
		<Property name="key" valueType="string" value="areaAppear_1"/>
		<Property name="position" valueType="vector3" value="14.1024 0 40.0315"/>
		<Property name="radius" valueType="float" value="2"/>
	</LogicType>
	<LogicType name="NPC" type="npc" defaultResource="p0c1_005.actor">
		<Property name="sn" valueType="int" value="8021001"/>
		<Property name="position" valueType="vector3" value="22.6346 0 43.5132"/>
		<Property name="face" valueType="int" value="0"/>
	</LogicType>
	<LogicType name="NPC" type="npc" defaultResource="p0c1_005.actor">
		<Property name="sn" valueType="int" value="8021002"/>
		<Property name="position" valueType="vector3" value="20.6357 0 31.2795"/>
		<Property name="face" valueType="int" value="0"/>
	</LogicType>
	<LogicType name="NPC" type="npc" defaultResource="p0c1_005.actor">
		<Property name="sn" valueType="int" value="8021003"/>
		<Property name="position" valueType="vector3" value="26.6767 0 27.8004"/>
		<Property name="face" valueType="int" value="0"/>
	</LogicType>
	<LogicType name="怪物" type="monster" defaultResource="p0c1_005.actor">
		<Property name="key" valueType="string" value="monster_1"/>
		<Property name="sn" valueType="int" value="8020001"/>
		<Property name="position" valueType="vector3" value="33.0409 0 25.1955"/>
		<Property name="num" valueType="int" value="1"/>
		<Property name="active" valueType="bool" value="true"/>
		<Property name="radius" valueType="float" value="1"/>
		<Property name="face" valueType="int" value="0"/>
	</LogicType>
	<LogicType name="剧情本离开区域" type="areaStoryLeave" defaultResource="chuansong2.actor">
		<Property name="key" valueType="string" value="areaStoryLeave_1"/>
		<Property name="position" valueType="vector3" value="26.9928 0 19.0494"/>
		<Property name="radius" valueType="float" value="2"/>
	</LogicType>
</LogicTypeRoot>

