<?xml version='1.0' encoding='utf-8' ?>
<LogicTypeRoot>
	<LogicType name="出现区域" type="areaAppear" defaultResource="p0c1_005.actor">
		<Property name="key" valueType="string" value="areaAppear_1"/>
		<Property name="position" valueType="vector3" value="5.86938 0 39.0895"/>
		<Property name="radius" valueType="float" value="2"/>
	</LogicType>
	<LogicType name="NPC" type="npc" defaultResource="p0c1_005.actor">
		<Property name="sn" valueType="int" value="8051001"/>
		<Property name="position" valueType="vector3" value="9.08725 0 38.3621"/>
		<Property name="face" valueType="int" value="0"/>
	</LogicType>
	<LogicType name="NPC" type="npc" defaultResource="p0c1_005.actor">
		<Property name="sn" valueType="int" value="8051002"/>
		<Property name="position" valueType="vector3" value="17.2704 0 50.8155"/>
		<Property name="face" valueType="int" value="0"/>
	</LogicType>
	<LogicType name="NPC" type="npc" defaultResource="p0c1_005.actor">
		<Property name="sn" valueType="int" value="8051003"/>
		<Property name="position" valueType="vector3" value="21.3068 0 43.0246"/>
		<Property name="face" valueType="int" value="0"/>
	</LogicType>
	<LogicType name="NPC" type="npc" defaultResource="p0c1_005.actor">
		<Property name="sn" valueType="int" value="8051004"/>
		<Property name="position" valueType="vector3" value="30.479 0 27.4116"/>
		<Property name="face" valueType="int" value="0"/>
	</LogicType>
	<LogicType name="NPC" type="npc" defaultResource="p0c1_005.actor">
		<Property name="sn" valueType="int" value="8051005"/>
		<Property name="position" valueType="vector3" value="21.0977 0 31.5243"/>
		<Property name="face" valueType="int" value="0"/>
	</LogicType>
	<LogicType name="NPC" type="npc" defaultResource="p0c1_005.actor">
		<Property name="sn" valueType="int" value="8051006"/>
		<Property name="position" valueType="vector3" value="21.5749 0 24.5568"/>
		<Property name="face" valueType="int" value="0"/>
	</LogicType>
	<LogicType name="采集物" type="pick" defaultResource="p0c1_005.actor">
		<Property name="key" valueType="string" value="pick_1"/>
		<Property name="sn" valueType="int" value="80599"/>
		<Property name="position" valueType="vector3" value="27.195 0 44.2011"/>
		<Property name="num" valueType="int" value="1"/>
		<Property name="radius" valueType="float" value="1"/>
	</LogicType>
	<LogicType name="怪物" type="monster" defaultResource="p0c1_005.actor">
		<Property name="key" valueType="string" value="monster_1"/>
		<Property name="sn" valueType="int" value="8050001"/>
		<Property name="position" valueType="vector3" value="12.3811 0 16.3116"/>
		<Property name="num" valueType="int" value="1"/>
		<Property name="active" valueType="bool" value="true"/>
		<Property name="radius" valueType="float" value="1"/>
		<Property name="face" valueType="int" value="0"/>
	</LogicType>
	<LogicType name="剧情本离开区域" type="areaStoryLeave" defaultResource="chuansong2.actor">
		<Property name="key" valueType="string" value="areaStoryLeave_1"/>
		<Property name="position" valueType="vector3" value="10.0893 0 19.3585"/>
		<Property name="radius" valueType="float" value="2"/>
	</LogicType>
</LogicTypeRoot>

