<?xml version='1.0' encoding='utf-8' ?>
<LogicTypeRoot>
	<LogicType name="出现区域" type="areaAppear" defaultResource="chuansong.actor">
		<Property name="key" valueType="string" value="areaAppear_1"/>
		<Property name="position" valueType="vector3" value="35.3676 0 49.1179"/>
		<Property name="radius" valueType="float" value="2"/>
	</LogicType>
	<LogicType name="NPC" type="npc" defaultResource="p0c1_005.actor">
		<Property name="sn" valueType="int" value="8061001"/>
		<Property name="position" valueType="vector3" value="30.6447 0 31.5597"/>
		<Property name="face" valueType="int" value="0"/>
	</LogicType>
	<LogicType name="NPC" type="npc" defaultResource="p0c1_005.actor">
		<Property name="sn" valueType="int" value="8061002"/>
		<Property name="position" valueType="vector3" value="8.20299 0 31.4701"/>
		<Property name="face" valueType="int" value="0"/>
	</LogicType>
	<LogicType name="怪物" type="monster" defaultResource="p0c1_005.actor">
		<Property name="key" valueType="string" value="monster_1"/>
		<Property name="sn" valueType="int" value="8060001"/>
		<Property name="position" valueType="vector3" value="19.682 0 40.0923"/>
		<Property name="num" valueType="int" value="1"/>
		<Property name="active" valueType="bool" value="true"/>
		<Property name="radius" valueType="float" value="4"/>
		<Property name="face" valueType="int" value="0"/>
	</LogicType>
	<LogicType name="剧情本离开区域" type="areaStoryLeave" defaultResource="chuansong2.actor">
		<Property name="key" valueType="string" value="areaStoryLeave_1"/>
		<Property name="position" valueType="vector3" value="13.4799 0 48.5653"/>
		<Property name="radius" valueType="float" value="2"/>
	</LogicType>
</LogicTypeRoot>

