<?xml version='1.0' encoding='utf-8' ?>
<LogicTypeRoot>
	<LogicType name="出现区域" type="areaAppear" defaultResource="chuansong.actor">
		<Property name="key" valueType="string" value="areaAppear_1"/>
		<Property name="position" valueType="vector3" value="4.04939 0 48.7475"/>
		<Property name="radius" valueType="float" value="2"/>
	</LogicType>
	<LogicType name="NPC" type="npc" defaultResource="p0c1_005.actor">
		<Property name="sn" valueType="int" value="8071001"/>
		<Property name="position" valueType="vector3" value="14.4895 0 41.7439"/>
		<Property name="face" valueType="int" value="0"/>
	</LogicType>
	<LogicType name="NPC" type="npc" defaultResource="p0c1_005.actor">
		<Property name="sn" valueType="int" value="8071002"/>
		<Property name="position" valueType="vector3" value="23.0196 0 37.0013"/>
		<Property name="face" valueType="int" value="0"/>
	</LogicType>
	<LogicType name="怪物" type="monster" defaultResource="p0c1_005.actor">
		<Property name="key" valueType="string" value="monster_1"/>
		<Property name="sn" valueType="int" value="8070001"/>
		<Property name="position" valueType="vector3" value="29.2634 0 31.9534"/>
		<Property name="num" valueType="int" value="1"/>
		<Property name="active" valueType="bool" value="true"/>
		<Property name="radius" valueType="float" value="2"/>
		<Property name="face" valueType="int" value="0"/>
	</LogicType>
	<LogicType name="剧情本离开区域" type="areaStoryLeave" defaultResource="chuansong2.actor">
		<Property name="key" valueType="string" value="areaStoryLeave_1"/>
		<Property name="position" valueType="vector3" value="27.3974 0 25.5329"/>
		<Property name="radius" valueType="float" value="2"/>
	</LogicType>
</LogicTypeRoot>

