<?xml version='1.0' encoding='utf-8' ?>
<LogicTypeRoot>
	<LogicType name="传送区域" type="areaStageSwitch" defaultResource="chuansong.actor">
		<Property name="key" valueType="string" value="areaStageSwitch_1"/>
		<Property name="position" valueType="vector3" value="99.2144 0 104.517"/>
		<Property name="radius" valueType="float" value="4"/>
	</LogicType>
	<LogicType name="传送区域" type="areaStageSwitch" defaultResource="chuansong.actor">
		<Property name="key" valueType="string" value="areaStageSwitch_3"/>
		<Property name="position" valueType="vector3" value="87.7109 0 113.417"/>
		<Property name="radius" valueType="float" value="4"/>
	</LogicType>
	<LogicType name="传送区域" type="areaStageSwitch" defaultResource="chuansong.actor">
		<Property name="key" valueType="string" value="areaStageSwitch_2"/>
		<Property name="position" valueType="vector3" value="86.8794 0 127.264"/>
		<Property name="radius" valueType="float" value="4"/>
	</LogicType>
	<LogicType name="出现区域" type="areaAppear" defaultResource="p0c1_005.actor">
		<Property name="key" valueType="string" value="areaAppear_1"/>
		<Property name="position" valueType="vector3" value="78.8855 0 103.457"/>
		<Property name="radius" valueType="float" value="2"/>
	</LogicType>
	<LogicType name="出现区域" type="areaAppear" defaultResource="p0c1_005.actor">
		<Property name="key" valueType="string" value="areaAppear_3"/>
		<Property name="position" valueType="vector3" value="78.7638 0 105.047"/>
		<Property name="radius" valueType="float" value="2"/>
	</LogicType>
	<LogicType name="出现区域" type="areaAppear" defaultResource="p0c1_005.actor">
		<Property name="key" valueType="string" value="areaAppear_2"/>
		<Property name="position" valueType="vector3" value="78.1842 0 103.798"/>
		<Property name="radius" valueType="float" value="2"/>
	</LogicType>
	<LogicType name="NPC" type="npc" defaultResource="p0c1_005.actor">
		<Property name="sn" valueType="int" value="9010001"/>
		<Property name="position" valueType="vector3" value="79.5133 0 97.4085"/>
		<Property name="face" valueType="int" value="0"/>
	</LogicType>
	<LogicType name="NPC" type="npc" defaultResource="p0c1_005.actor">
		<Property name="sn" valueType="int" value="9010002"/>
		<Property name="position" valueType="vector3" value="63.1197 0 82.5635"/>
		<Property name="face" valueType="int" value="0"/>
	</LogicType>
	<LogicType name="采集物" type="pick" defaultResource="p0c1_005.actor">
		<Property name="key" valueType="string" value="pick_1"/>
		<Property name="sn" valueType="int" value="90199"/>
		<Property name="position" valueType="vector3" value="77.2729 0 73.3275"/>
		<Property name="num" valueType="int" value="8"/>
		<Property name="radius" valueType="float" value="3"/>
	</LogicType>
	<LogicType name="NPC" type="npc" defaultResource="p0c1_005.actor">
		<Property name="sn" valueType="int" value="9010003"/>
		<Property name="position" valueType="vector3" value="36.6058 0 53.1151"/>
		<Property name="face" valueType="int" value="0"/>
	</LogicType>
	<LogicType name="NPC" type="npc" defaultResource="p0c1_005.actor">
		<Property name="sn" valueType="int" value="9010012"/>
		<Property name="position" valueType="vector3" value="14.6811 0 77.1626"/>
		<Property name="face" valueType="int" value="0"/>
	</LogicType>
	<LogicType name="NPC" type="npc" defaultResource="p0c1_005.actor">
		<Property name="sn" valueType="int" value="9010013"/>
		<Property name="position" valueType="vector3" value="15.1431 0 60.8954"/>
		<Property name="face" valueType="int" value="0"/>
	</LogicType>
	<LogicType name="NPC" type="npc" defaultResource="p0c1_005.actor">
		<Property name="sn" valueType="int" value="9010011"/>
		<Property name="position" valueType="vector3" value="14.0948 0 116.635"/>
		<Property name="face" valueType="int" value="0"/>
	</LogicType>
	<LogicType name="NPC" type="npc" defaultResource="p0c1_005.actor">
		<Property name="sn" valueType="int" value="9010004"/>
		<Property name="position" valueType="vector3" value="57.3507 0 88.8724"/>
		<Property name="face" valueType="int" value="0"/>
	</LogicType>
	<LogicType name="NPC" type="npc" defaultResource="p0c1_005.actor">
		<Property name="sn" valueType="int" value="9010005"/>
		<Property name="position" valueType="vector3" value="52.8464 0 66.2082"/>
		<Property name="face" valueType="int" value="0"/>
	</LogicType>
	<LogicType name="NPC" type="npc" defaultResource="p0c1_005.actor">
		<Property name="sn" valueType="int" value="9010006"/>
		<Property name="position" valueType="vector3" value="44.4034 0 75.4317"/>
		<Property name="face" valueType="int" value="0"/>
	</LogicType>
	<LogicType name="NPC" type="npc" defaultResource="p0c1_005.actor">
		<Property name="sn" valueType="int" value="9010007"/>
		<Property name="position" valueType="vector3" value="48.0576 0 57.0951"/>
		<Property name="face" valueType="int" value="0"/>
	</LogicType>
	<LogicType name="NPC" type="npc" defaultResource="p0c1_005.actor">
		<Property name="sn" valueType="int" value="9010008"/>
		<Property name="position" valueType="vector3" value="39.7175 0 65.5417"/>
		<Property name="face" valueType="int" value="0"/>
	</LogicType>
	<LogicType name="NPC" type="npc" defaultResource="p0c1_005.actor">
		<Property name="sn" valueType="int" value="9010010"/>
		<Property name="position" valueType="vector3" value="38.4776 0 103.952"/>
		<Property name="face" valueType="int" value="0"/>
	</LogicType>
	<LogicType name="NPC" type="npc" defaultResource="p0c1_005.actor">
		<Property name="sn" valueType="int" value="9010009"/>
		<Property name="position" valueType="vector3" value="10.273 0 65.6073"/>
		<Property name="face" valueType="int" value="0"/>
	</LogicType>
	<LogicType name="采集物" type="pick" defaultResource="p0c1_005.actor">
		<Property name="key" valueType="string" value="pick_2"/>
		<Property name="sn" valueType="int" value="90198"/>
		<Property name="position" valueType="vector3" value="50.4014 0 99.8371"/>
		<Property name="num" valueType="int" value="8"/>
		<Property name="radius" valueType="float" value="3"/>
	</LogicType>
	<LogicType name="采集物" type="pick" defaultResource="p0c1_005.actor">
		<Property name="key" valueType="string" value="pick_3"/>
		<Property name="sn" valueType="int" value="90197"/>
		<Property name="position" valueType="vector3" value="31.3106 0 106.868"/>
		<Property name="num" valueType="int" value="8"/>
		<Property name="radius" valueType="float" value="4"/>
	</LogicType>
	<LogicType name="采集物" type="pick" defaultResource="p0c1_005.actor">
		<Property name="key" valueType="string" value="pick_4"/>
		<Property name="sn" valueType="int" value="90196"/>
		<Property name="position" valueType="vector3" value="23.7883 0 81.5903"/>
		<Property name="num" valueType="int" value="8"/>
		<Property name="radius" valueType="float" value="4"/>
	</LogicType>
</LogicTypeRoot>

