<?xml version="1.0" encoding="UTF-8"?>
<beans xmlns="http://www.springframework.org/schema/beans"
	xmlns:xsi="http://www.w3.org/2001/XMLSchema-instance" xmlns:context="http://www.springframework.org/schema/context"
	xmlns:jee="http://www.springframework.org/schema/jee" xmlns:lang="http://www.springframework.org/schema/lang"
	xmlns:p="http://www.springframework.org/schema/p" xmlns:tx="http://www.springframework.org/schema/tx"
	xmlns:util="http://www.springframework.org/schema/util"
	xsi:schemaLocation="http://www.springframework.org/schema/beans http://www.springframework.org/schema/beans/spring-beans-2.0.xsd
		http://www.springframework.org/schema/context http://www.springframework.org/schema/context/spring-context-2.5.xsd
		http://www.springframework.org/schema/jee http://www.springframework.org/schema/jee/spring-jee-2.0.xsd
		http://www.springframework.org/schema/lang http://www.springframework.org/schema/lang/spring-lang-2.0.xsd
		http://www.springframework.org/schema/tx http://www.springframework.org/schema/tx/spring-tx-2.0.xsd
		http://www.springframework.org/schema/util http://www.springframework.org/schema/util/spring-util-2.0.xsd">
	<!-- 部署游戏服务器 -->
	<bean id="decoder" class="com.gamebean.gamecore.net.codec.DefaultMessageDecoder">
		<property name="messageFactory" ref="messageFactorySpring" />
	</bean>
	<bean id="encoder" class="com.gamebean.gamecore.net.codec.DefaultMessageEncoder" />
	<bean id="codecFactory"
		class="com.gamebean.gamecore.net.codec.DefaultProtocolCodecFactory">
		<property name="decoder" ref="decoder" />
		<property name="encoder" ref="encoder" />
	</bean>

	<bean id="defaultPipeline" class="com.gamebean.football.service.net.PiplelineDispather">
		<property name="actionFactory" ref="actionFactorySpring" />
	</bean>

	<bean id="messageHandler" class="com.gamebean.gamecore.net.service.DefaultSessionHandler">
		<property name="pipeline" ref="defaultPipeline" />
	</bean>

	<bean id="net.serverPort" class="org.springframework.jndi.JndiObjectFactoryBean">
		<property name="jndiName">
			<value>java:comp/env/net/serverPort</value>
		</property>
	</bean>
	<bean id="gameMsgServer" class="com.gamebean.gamecore.net.service.TCPServer"
		init-method="start" destroy-method="stop">
		<property name="serverPort" ref="net.serverPort" />
		<property name="protocolCodeFactory" ref="codecFactory" />
		<property name="sessionHandler" ref="messageHandler" />
	</bean>

	<!-- 部署连接认证服务器的客户端信息 -->
	<bean id="identifyConnectInfo" class="org.springframework.jndi.JndiObjectFactoryBean">
		<property name="jndiName">
			<value>java:comp/env/net/identifyConnectInfo</value>
		</property>
	</bean>

	<bean name="identifyMessageDecoder"
		class="com.gamebean.levin.common.protocol.codec.DefaultMessageDecoder">
		<property name="messageFactory" ref="identifyMessageFactory" />
	</bean>
	<bean name="identifyProtocolCodecFactory"
		class="com.gamebean.levin.common.protocol.codec.DefaultProtocolCodecFactory">
		<property name="decoder" ref="identifyMessageDecoder" />
	</bean>
	
<!-- destroy-method="stop" 杜天微 OrderedThreadPoolExecutor.shutdownNow(OrderedThreadPoolExecutor.java:393) 会卡住 -->
	<bean name="identifyClient" class="com.gamebean.levin.client.AsynchronismClientManager">
		<constructor-arg index="0" ref="identifyConnectInfo" />
		<constructor-arg index="1" ref="identifyActionController" />
		<constructor-arg index="2" ref="identifyProtocolCodecFactory" />
	</bean>

	<bean name="identifyPortalService"
		class="com.gamebean.football.identifyportal.IdentifyPortalService">
		<property name="clientManager" ref="identifyClient" />
		<property name="gameConfig" ref="gameConfig" />
	</bean>


</beans>
