<?xml version="1.0"?>
<!DOCTYPE hibernate-mapping PUBLIC
        "-//Hibernate/Hibernate Mapping DTD 3.0//EN"
        "http://www.hibernate.org/dtd/hibernate-mapping-3.0.dtd"
        >

<hibernate-mapping package="com.gamedo.chargeServer.domain">
    <class name="ChargeOrder" table="chargeorder" dynamic-insert="true" dynamic-update="true">
        <id name="id" column="id">
            <generator class="native"/>
        </id>
        <property name="playerId" type="int"/>
        <property name="channelId" type="string"/>
        <property name="subChannelId" type="string"/>
        <property name="orderNumber" type="string"/>
        <property name="goodsId" type="int"/>
        <property name="payPrice" type="float"/>
        <property name="orderState" type="int"/>
        <property name="payway" type="string"/>
        <property name="summary" type="string"/>
        <property name="orderType" type="string"/>
        <property name="createTime" type="timestamp"/>
        <property name="payBackTime" type="timestamp"/>
        <property name="notifyTime" type="timestamp"/>
        <property name="receiveNotifyTime" type="timestamp"/>
        <property name="finishTime" type="timestamp"/>
    </class>
	
</hibernate-mapping>