<?xml version="1.0"?>
<!DOCTYPE hibernate-mapping PUBLIC
        "-//Hibernate/Hibernate Mapping DTD 3.0//EN"
        "http://hibernate.sourceforge.net/hibernate-mapping-3.0.dtd">

<hibernate-mapping package="com.gamedo.loginServer.entity">
    <class name="Account" table="account">
        <id name="id" column="id">
            <generator class="native"/>
        </id>
        <property name="uid" type="string"/>
        <property name="userName" type="string"/>
        <property name="passward" type="string"/>
        <property name="channelId" type="string"/>
        <property name="subChannelId" type="string"/>
        <property name="deviceNumber" type="string"/>
        <property name="status" type="byte"/>
        <property name="createTime" type="timestamp"/>
        <property name="lastLoginTime" type="timestamp"/>
    </class>
	
</hibernate-mapping>