<?xml version="1.0"?>
<!DOCTYPE hibernate-mapping PUBLIC
        "-//Hibernate/Hibernate Mapping DTD 3.0//EN"
        "http://hibernate.sourceforge.net/hibernate-mapping-3.0.dtd"
        >

<hibernate-mapping package="com.gamedo.loginServer.data.announcement">
    <class name="Announcement" table="announcement">
        <id name="id" column="id">
			<generator class="native" />
		</id>
		<property name="title" type="string" />
		<property name="content" type="string" />
		<property name="category" type="int" />
		<property name="type" type="int" />
		<property name="broadcastStartTime" type="timestamp" />
		<property name="broadcastEndTime" type="timestamp" />
		<property name="startTime" type="timestamp" />
		<property name="endTime" type="timestamp" />
		<property name="backGroundId" type="string" />
		<property name="sequence" type="int" />
    </class>
	
</hibernate-mapping>