<?xml version="1.0"?>
<!DOCTYPE hibernate-mapping PUBLIC
        "-//Hibernate/Hibernate Mapping DTD 3.0//EN"
        "http://hibernate.sourceforge.net/hibernate-mapping-3.0.dtd"
        >

<hibernate-mapping package="com.gamedo.loginServer.data.config">
    <class name="LoginConfig" table="loginConfig">
        <id name="id" column="id">
			<generator class="native" />
		</id>
		<property name="safetyIpStr" type="string" />
		<property name="openTime" type="timestamp" />
		<property name="closeTime" type="timestamp" />
		<property name="updateDesc" type="string" />
    </class>
	
</hibernate-mapping>