<?xml version="1.0" encoding="UTF-8"?>
<beans xmlns="http://www.springframework.org/schema/beans"
	xmlns:xsi="http://www.w3.org/2001/XMLSchema-instance" xmlns:aop="http://www.springframework.org/schema/aop"
	xmlns:tx="http://www.springframework.org/schema/tx" xmlns:jdbc="http://www.springframework.org/schema/jdbc"
	xmlns:context="http://www.springframework.org/schema/context"
	xsi:schemaLocation="
http://www.springframework.org/schema/context http://www.springframework.org/schema/context/spring-context-3.0.xsd
http://www.springframework.org/schema/beans http://www.springframework.org/schema/beans/spring-beans-3.0.xsd
http://www.springframework.org/schema/jdbc http://www.springframework.org/schema/jdbc/spring-jdbc-3.0.xsd
http://www.springframework.org/schema/tx http://www.springframework.org/schema/tx/spring-tx-3.0.xsd
http://www.springframework.org/schema/aop http://www.springframework.org/schema/aop/spring-aop-3.0.xsd"
	default-lazy-init="false">

	<bean id="contest.data.dataSource" class="org.springframework.jndi.JndiObjectFactoryBean">
		<property name="jndiName">
			<value>contest.data.dataSource</value>
		</property>
	</bean>
	<bean id="contest.data.transactionManager"
		class="org.springframework.jdbc.datasource.DataSourceTransactionManager">
		<property name="dataSource" ref="contest.data.dataSource" />
	</bean>
	<bean id="contest.data.sqlSessionFactory" class="org.mybatis.spring.SqlSessionFactoryBean">
		<!-- <property name="configLocation" value="classpath:com/gamebean/football/mapper/contest_mybatis_config.xml" 
			/> -->
		<property name="dataSource" ref="contest.data.dataSource" />
	</bean>
	<!-- <bean class="org.mybatis.spring.mapper.MapperScannerConfigurer"> <property 
		name="basePackage" value="com.gamebean.football.mapper" /> <property name="annotationClass" 
		value="com.gamebean.football.mapper.annotation.ContestDatabase"></property> 
		<property name="sqlSessionFactoryBeanName" value="contest.data.sqlSessionFactory" 
		/> </bean> -->
	<bean id="abstractContestDataMapper" abstract="true">
		<property name="sqlSessionFactory">
			<ref bean="contest.data.sqlSessionFactory" />
		</property>
	</bean>
	<bean id="cupContestJoinLimitMapper" class="org.mybatis.spring.mapper.MapperFactoryBean"
		parent="abstractContestDataMapper">
		<property name="mapperInterface"
			value="com.gamebean.football.mapper.contest.CupContestJoinLimitMapper" />
	</bean>

	<bean id="nationBossMapper" class="org.mybatis.spring.mapper.MapperFactoryBean"
		parent="abstractContestDataMapper">
		<property name="mapperInterface"
			value="com.gamebean.football.mapper.contest.NationBossMapper" />
	</bean>

	<bean id="arenaRewardMapper" class="org.mybatis.spring.mapper.MapperFactoryBean"
		parent="abstractContestDataMapper">
		<property name="mapperInterface"
			value="com.gamebean.football.mapper.contest.ArenaRewardMapper" />
	</bean>
</beans>