<?xml version="1.0" encoding="UTF-8"?>
<beans xmlns="http://www.springframework.org/schema/beans"
	xmlns:xsi="http://www.w3.org/2001/XMLSchema-instance" xmlns:aop="http://www.springframework.org/schema/aop"
	xmlns:tx="http://www.springframework.org/schema/tx" xmlns:jdbc="http://www.springframework.org/schema/jdbc"
	xmlns:context="http://www.springframework.org/schema/context"
	xsi:schemaLocation="
http://www.springframework.org/schema/context http://www.springframework.org/schema/context/spring-context-3.0.xsd
http://www.springframework.org/schema/beans http://www.springframework.org/schema/beans/spring-beans-3.0.xsd
http://www.springframework.org/schema/jdbc http://www.springframework.org/schema/jdbc/spring-jdbc-3.0.xsd
http://www.springframework.org/schema/tx http://www.springframework.org/schema/tx/spring-tx-3.0.xsd
http://www.springframework.org/schema/aop http://www.springframework.org/schema/aop/spring-aop-3.0.xsd"
	default-lazy-init="false">

	<bean id="contest.dataSource" class="org.springframework.jndi.JndiObjectFactoryBean"  >
		<property name="jndiName">
	    	<value>contest.dataSource</value>
		</property>
	</bean>
	<bean id="contest.transactionManager"
		class="org.springframework.jdbc.datasource.DataSourceTransactionManager">
		<property name="dataSource" ref="contest.dataSource" />
	</bean>
	<bean id="contest.sqlSessionFactory" class="org.mybatis.spring.SqlSessionFactoryBean">
		<property name="configLocation"
			value="classpath:com/gamebean/football/mapper/contest_mybatis_config.xml" />
		<property name="dataSource" ref="contest.dataSource" />
	</bean>
	<bean class="org.mybatis.spring.mapper.MapperScannerConfigurer">
		<property name="basePackage" value="com.gamebean.football.mapper" />
		<property name="annotationClass"
			value="com.gamebean.football.mapper.annotation.ContestDatabase"></property>
		<property name="sqlSessionFactoryBeanName" value="contest.sqlSessionFactory" />
	</bean>
	<bean id="abstractContestMapper" abstract="true">
		<property name="sqlSessionFactory">
			<ref bean="contest.sqlSessionFactory" />
		</property>
	</bean>

	<!-- contest -->


	<bean id="cupContestMapper" class="org.mybatis.spring.mapper.MapperFactoryBean"
		parent="abstractContestMapper">
		<property name="mapperInterface"
			value="com.gamebean.football.mapper.contest.CupContestMapper" />
	</bean>

	<bean id="cupCompetitorMapper" class="org.mybatis.spring.mapper.MapperFactoryBean"
		parent="abstractContestMapper">
		<property name="mapperInterface"
			value="com.gamebean.football.mapper.contest.CupCompetitorMapper" />
	</bean>


	<bean id="contestGroupMapper" class="org.mybatis.spring.mapper.MapperFactoryBean"
		parent="abstractContestMapper">
		<property name="mapperInterface"
			value="com.gamebean.football.mapper.contest.ContestGroupMapper" />
	</bean>

	<bean id="cupContestPairMapper" class="org.mybatis.spring.mapper.MapperFactoryBean"
		parent="abstractContestMapper">
		<property name="mapperInterface"
			value="com.gamebean.football.mapper.contest.CupContestPairMapper" />
	</bean>

	<!-- <bean id="leagueContestRecordMapper" class="org.mybatis.spring.mapper.MapperFactoryBean" 
		parent="abstractContestMapper"> <property name="mapperInterface" value="com.gamebean.football.mapper.contest.LeagueContestRecordMapper" 
		/> </bean> -->

	<!--<bean id="leagueContestPreJoinMapper" class="org.mybatis.spring.mapper.MapperFactoryBean" 
		parent="abstractContestMapper"> <property name="mapperInterface" value="com.gamebean.football.mapper.contest.LeagueContestPreJoinMapper" 
		/> </bean> -->

	<!-- <bean id="leagueContestMapper" class="org.mybatis.spring.mapper.MapperFactoryBean" 
		parent="abstractContestMapper"> <property name="mapperInterface" value="com.gamebean.football.mapper.contest.LeagueContestMapper" 
		/> </bean> -->

	<!--<bean id="leaguePlayerMapper" class="org.mybatis.spring.mapper.MapperFactoryBean" 
		parent="abstractContestMapper"> <property name="mapperInterface" value="com.gamebean.football.mapper.contest.LeaguePlayerMapper" 
		/> </bean> -->

	<!--<bean id="leaguePairMapper" class="org.mybatis.spring.mapper.MapperFactoryBean" 
		parent="abstractContestMapper"> <property name="mapperInterface" value="com.gamebean.football.mapper.contest.LeaguePairMapper" 
		/> </bean> -->

	<bean id="arenaRankMapper" class="org.mybatis.spring.mapper.MapperFactoryBean"
		parent="abstractContestMapper">
		<property name="mapperInterface"
			value="com.gamebean.football.mapper.contest.ArenaRankMapper" />
	</bean>
	<bean id="arenaRankHistoryMapper" class="org.mybatis.spring.mapper.MapperFactoryBean"
		parent="abstractContestMapper">
		<property name="mapperInterface"
			value="com.gamebean.football.mapper.contest.ArenaRankHistoryMapper" />
	</bean>


	<bean id="towerProcessMapper" class="org.mybatis.spring.mapper.MapperFactoryBean"
		parent="abstractContestMapper">
		<property name="mapperInterface"
			value="com.gamebean.football.mapper.contest.TowerProcessMapper" />
	</bean>

	<bean id="towerScoreMapper" class="org.mybatis.spring.mapper.MapperFactoryBean"
		parent="abstractContestMapper">
		<property name="mapperInterface"
			value="com.gamebean.football.mapper.contest.TowerScoreMapper" />
	</bean>

	<bean id="starProcessMapper" class="org.mybatis.spring.mapper.MapperFactoryBean"
		parent="abstractContestMapper">
		<property name="mapperInterface"
			value="com.gamebean.football.mapper.contest.StarProcessMapper" />
	</bean>


	<bean id="corpHistoryMapper" class="org.mybatis.spring.mapper.MapperFactoryBean"
		parent="abstractContestMapper">
		<property name="mapperInterface"
			value="com.gamebean.football.mapper.contest.CorpHistoryMapper" />
	</bean>
</beans>