<?xml version="1.0" encoding="UTF-8"?>
<beans xmlns:xsi="http://www.w3.org/2001/XMLSchema-instance"
	xmlns:aop="http://www.springframework.org/schema/aop" xmlns:tx="http://www.springframework.org/schema/tx"
	xmlns:jdbc="http://www.springframework.org/schema/jdbc" xmlns:context="http://www.springframework.org/schema/context"
	xmlns="http://www.springframework.org/schema/beans"
	xsi:schemaLocation="
http://www.springframework.org/schema/context http://www.springframework.org/schema/context/spring-context-3.0.xsd
http://www.springframework.org/schema/beans http://www.springframework.org/schema/beans/spring-beans-3.0.xsd
http://www.springframework.org/schema/jdbc http://www.springframework.org/schema/jdbc/spring-jdbc-3.0.xsd
http://www.springframework.org/schema/tx http://www.springframework.org/schema/tx/spring-tx-3.0.xsd
http://www.springframework.org/schema/aop http://www.springframework.org/schema/aop/spring-aop-3.0.xsd">

	<bean id="data.dataSource" class="org.springframework.jndi.JndiObjectFactoryBean">
		<property name="jndiName">
			<value>data.dataSource</value>
		</property>
	</bean>

	<bean id="data.transactionManager"
		class="org.springframework.jdbc.datasource.DataSourceTransactionManager">

		<property name="dataSource" ref="data.dataSource" />
	</bean>

	<bean id="data.sqlSessionFactory" class="org.mybatis.spring.SqlSessionFactoryBean">

		<property name="configLocation"
			value="classpath:com/gamebean/football/mapper/data_mybatis_config.xml" />

		<property name="dataSource" ref="data.dataSource" />
	</bean>

	<bean class="org.mybatis.spring.mapper.MapperScannerConfigurer">
		<property name="basePackage" value="com.gamebean.football" />
		<property name="annotationClass"
			value="com.gamebean.football.mapper.annotation.DataDatabase"></property>
		<property name="sqlSessionFactoryBeanName" value="data.sqlSessionFactory" />
	</bean>

	<bean id="abstractDataMapper" abstract="true">

		<property name="sqlSessionFactory">

			<ref bean="data.sqlSessionFactory" />
		</property>
	</bean>
	<!-- mapper bean -->

	<bean id="sundriesMapper" class="org.mybatis.spring.mapper.MapperFactoryBean"
		parent="abstractDataMapper">

		<property name="mapperInterface"
			value="com.gamebean.football.mapper.data.SundriesMapper" />
	</bean>

	<bean id="gemMapper" class="org.mybatis.spring.mapper.MapperFactoryBean"
		parent="abstractDataMapper">

		<property name="mapperInterface" value="com.gamebean.football.mapper.data.GemMapper" />
	</bean>

	<bean id="dailyRewardMapper" class="org.mybatis.spring.mapper.MapperFactoryBean"
		parent="abstractDataMapper">

		<property name="mapperInterface"
			value="com.gamebean.football.mapper.data.DailyRewardMapper" />
	</bean>

	<bean id="equipMapper" class="org.mybatis.spring.mapper.MapperFactoryBean"
		parent="abstractDataMapper">

		<property name="mapperInterface"
			value="com.gamebean.football.mapper.data.EquipMapper" />
	</bean>

	<bean id="fashionEquipMapper" class="org.mybatis.spring.mapper.MapperFactoryBean"
		parent="abstractDataMapper">

		<property name="mapperInterface"
			value="com.gamebean.football.mapper.data.FashionEquipMapper" />
	</bean>

	<bean id="levelInfoMapper" class="org.mybatis.spring.mapper.MapperFactoryBean"
		parent="abstractDataMapper">

		<property name="mapperInterface"
			value="com.gamebean.football.mapper.data.LevelInfoMapper" />
	</bean>

	<bean id="buildingDataMapper" class="org.mybatis.spring.mapper.MapperFactoryBean"
		parent="abstractDataMapper">

		<property name="mapperInterface"
			value="com.gamebean.football.mapper.data.BuildingDataMapper" />
	</bean>
	<bean id="upShiliDataMapper" class="org.mybatis.spring.mapper.MapperFactoryBean"
		parent="abstractDataMapper">

		<property name="mapperInterface"
			value="com.gamebean.football.mapper.data.UpShiliDataMapper" />
	</bean>

	<bean id="gradeInfoMapper" class="org.mybatis.spring.mapper.MapperFactoryBean"
		parent="abstractDataMapper">

		<property name="mapperInterface"
			value="com.gamebean.football.mapper.data.GradeInfoMapper" />
	</bean>

	<bean id="memberPotentialMapper" class="org.mybatis.spring.mapper.MapperFactoryBean"
		parent="abstractDataMapper">

		<property name="mapperInterface"
			value="com.gamebean.football.mapper.data.MemberPotentialMapper" />
	</bean>

	<bean id="memberDataMapper" class="org.mybatis.spring.mapper.MapperFactoryBean"
		parent="abstractDataMapper">

		<property name="mapperInterface"
			value="com.gamebean.football.mapper.data.MemberDataMapper" />
	</bean>

	<bean id="npcMemberMapper" class="org.mybatis.spring.mapper.MapperFactoryBean"
		parent="abstractDataMapper">

		<property name="mapperInterface"
			value="com.gamebean.football.mapper.data.NpcMemberMapper" />
	</bean>

	<bean id="npcFormationMapper" class="org.mybatis.spring.mapper.MapperFactoryBean"
		parent="abstractDataMapper">

		<property name="mapperInterface"
			value="com.gamebean.football.mapper.data.NpcFormationMapper" />
	</bean>
	<bean id="tipsMapper" class="org.mybatis.spring.mapper.MapperFactoryBean"
		parent="abstractDataMapper">

		<property name="mapperInterface" value="com.gamebean.football.mapper.data.TipsMapper" />
	</bean>

	<bean id="npcMapper" class="org.mybatis.spring.mapper.MapperFactoryBean"
		parent="abstractDataMapper">

		<property name="mapperInterface" value="com.gamebean.football.mapper.data.NpcMapper" />
	</bean>

	<bean id="skillTemplateMapper" class="org.mybatis.spring.mapper.MapperFactoryBean"
		parent="abstractDataMapper">

		<property name="mapperInterface"
			value="com.gamebean.football.mapper.data.SkillTemplateMapper" />
	</bean>

	<bean id="skillDataMapper" class="org.mybatis.spring.mapper.MapperFactoryBean"
		parent="abstractDataMapper">

		<property name="mapperInterface"
			value="com.gamebean.football.mapper.data.SkillDataMapper" />
	</bean>

	<bean id="npcSkillMapper" class="org.mybatis.spring.mapper.MapperFactoryBean"
		parent="abstractDataMapper">

		<property name="mapperInterface"
			value="com.gamebean.football.mapper.data.NpcSkillMapper" />
	</bean>

	<bean id="buildingMapper" class="org.mybatis.spring.mapper.MapperFactoryBean"
		parent="abstractDataMapper">

		<property name="mapperInterface"
			value="com.gamebean.football.mapper.data.BuildingMapper" />
	</bean>

	<bean id="matchActMapper" class="org.mybatis.spring.mapper.MapperFactoryBean"
		parent="abstractDataMapper">

		<property name="mapperInterface"
			value="com.gamebean.football.mapper.data.MatchActMapper" />
	</bean>

	<bean id="matchFormationInfoMapper" class="org.mybatis.spring.mapper.MapperFactoryBean"
		parent="abstractDataMapper">

		<property name="mapperInterface"
			value="com.gamebean.football.mapper.data.MatchFormationInfoMapper" />
	</bean>

	<bean id="formationTemplateMapper" class="org.mybatis.spring.mapper.MapperFactoryBean"
		parent="abstractDataMapper">

		<property name="mapperInterface"
			value="com.gamebean.football.mapper.data.FormationTemplateMapper" />
	</bean>

	<bean id="formationDataMapper" class="org.mybatis.spring.mapper.MapperFactoryBean"
		parent="abstractDataMapper">

		<property name="mapperInterface"
			value="com.gamebean.football.mapper.data.FormationDataMapper" />
	</bean>

	<bean id="shopMapper" class="org.mybatis.spring.mapper.MapperFactoryBean"
		parent="abstractDataMapper">

		<property name="mapperInterface" value="com.gamebean.football.mapper.data.ShopMapper" />
	</bean>

	<bean id="shopGoodsMapper" class="org.mybatis.spring.mapper.MapperFactoryBean"
		parent="abstractDataMapper">

		<property name="mapperInterface"
			value="com.gamebean.football.mapper.data.ShopGoodsMapper" />
	</bean>

	<bean id="honorNationMapper" class="org.mybatis.spring.mapper.MapperFactoryBean"
		parent="abstractDataMapper">

		<property name="mapperInterface"
			value="com.gamebean.football.mapper.data.HonorNationMapper" />
	</bean>

	<bean id="honorTeamMapper" class="org.mybatis.spring.mapper.MapperFactoryBean"
		parent="abstractDataMapper">

		<property name="mapperInterface"
			value="com.gamebean.football.mapper.data.HonorTeamMapper" />
	</bean>

	<bean id="matchOutsideMapper" class="org.mybatis.spring.mapper.MapperFactoryBean"
		parent="abstractDataMapper">

		<property name="mapperInterface"
			value="com.gamebean.football.mapper.data.MatchOutsideMapper" />
	</bean>

	<bean id="matchFoulMapper" class="org.mybatis.spring.mapper.MapperFactoryBean"
		parent="abstractDataMapper">

		<property name="mapperInterface"
			value="com.gamebean.football.mapper.data.MatchFoulMapper" />
	</bean>

	<bean id="matchDescMapper" class="org.mybatis.spring.mapper.MapperFactoryBean"
		parent="abstractDataMapper">

		<property name="mapperInterface"
			value="com.gamebean.football.mapper.data.MatchDescMapper" />
	</bean>

	<bean id="babelTowerNpcMapper" class="org.mybatis.spring.mapper.MapperFactoryBean"
		parent="abstractDataMapper">

		<property name="mapperInterface"
			value="com.gamebean.football.mapper.data.BabelTowerNpcMapper" />
	</bean>

	<bean id="tacticsTemplateMapper" class="org.mybatis.spring.mapper.MapperFactoryBean"
		parent="abstractDataMapper">

		<property name="mapperInterface"
			value="com.gamebean.football.mapper.data.TacticsTemplateMapper" />
	</bean>

	<bean id="tacticsDataMapper" class="org.mybatis.spring.mapper.MapperFactoryBean"
		parent="abstractDataMapper">

		<property name="mapperInterface"
			value="com.gamebean.football.mapper.data.TacticsDataMapper" />
	</bean>

	<bean id="abilityTemplateMapper" class="org.mybatis.spring.mapper.MapperFactoryBean"
		parent="abstractDataMapper">

		<property name="mapperInterface"
			value="com.gamebean.football.mapper.data.AbilityTemplateMapper" />
	</bean>

	<bean id="abilityDataMapper" class="org.mybatis.spring.mapper.MapperFactoryBean"
		parent="abstractDataMapper">

		<property name="mapperInterface"
			value="com.gamebean.football.mapper.data.AbilityDataMapper" />
	</bean>

	<bean id="starNpcMemberMapper" class="org.mybatis.spring.mapper.MapperFactoryBean"
		parent="abstractDataMapper">

		<property name="mapperInterface"
			value="com.gamebean.football.mapper.data.StarNpcMemberMapper" />
	</bean>

	<bean id="matchAnimationMapper" class="org.mybatis.spring.mapper.MapperFactoryBean"
		parent="abstractDataMapper">

		<property name="mapperInterface"
			value="com.gamebean.football.mapper.data.MatchAnimationMapper" />
	</bean>

	<bean id="strengthenInfoMapper" class="org.mybatis.spring.mapper.MapperFactoryBean"
		parent="abstractDataMapper">

		<property name="mapperInterface"
			value="com.gamebean.football.mapper.data.StrengthenInfoMapper" />
	</bean>

	<bean id="achievementMapper" class="org.mybatis.spring.mapper.MapperFactoryBean"
		parent="abstractDataMapper">

		<property name="mapperInterface"
			value="com.gamebean.football.mapper.data.AchievementMapper" />
	</bean>

	<bean id="combineInfoMapper" class="org.mybatis.spring.mapper.MapperFactoryBean"
		parent="abstractDataMapper">

		<property name="mapperInterface"
			value="com.gamebean.football.mapper.data.CombineInfoMapper" />
	</bean>

	<bean id="chatFilterMapper" class="org.mybatis.spring.mapper.MapperFactoryBean"
		parent="abstractDataMapper">

		<property name="mapperInterface"
			value="com.gamebean.football.mapper.data.ChatFilterMapper" />
	</bean>

	<bean id="suitInfoMapper" class="org.mybatis.spring.mapper.MapperFactoryBean"
		parent="abstractDataMapper">

		<property name="mapperInterface"
			value="com.gamebean.football.mapper.data.SuitInfoMapper" />
	</bean>

	<bean id="advertisementMapper" class="org.mybatis.spring.mapper.MapperFactoryBean"
		parent="abstractDataMapper">

		<property name="mapperInterface"
			value="com.gamebean.football.mapper.data.AdvertisementMapper" />
	</bean>

	<bean id="renownGiftMapper" class="org.mybatis.spring.mapper.MapperFactoryBean"
		parent="abstractDataMapper">

		<property name="mapperInterface"
			value="com.gamebean.football.mapper.data.RenownGiftMapper" />
	</bean>

	<bean id="boxConfigMapper" class="org.mybatis.spring.mapper.MapperFactoryBean"
		parent="abstractDataMapper">

		<property name="mapperInterface"
			value="com.gamebean.football.mapper.data.BoxConfigMapper" />
	</bean>

	<bean id="fameGiftMapper" class="org.mybatis.spring.mapper.MapperFactoryBean"
		parent="abstractDataMapper">

		<property name="mapperInterface"
			value="com.gamebean.football.mapper.data.FameGiftMapper" />
	</bean>

	<bean id="realMemberMapper" class="org.mybatis.spring.mapper.MapperFactoryBean"
		parent="abstractDataMapper">

		<property name="mapperInterface"
			value="com.gamebean.football.mapper.data.RealMemberMapper" />
	</bean>

	<bean id="avatarTemplateMapper" class="org.mybatis.spring.mapper.MapperFactoryBean"
		parent="abstractDataMapper">

		<property name="mapperInterface"
			value="com.gamebean.football.mapper.data.AvatarTemplateMapper" />
	</bean>

	<bean id="avatarInfoMapper" class="org.mybatis.spring.mapper.MapperFactoryBean"
		parent="abstractDataMapper">

		<property name="mapperInterface"
			value="com.gamebean.football.mapper.data.AvatarInfoMapper" />
	</bean>

	<bean id="positionMapper" class="org.mybatis.spring.mapper.MapperFactoryBean"
		parent="abstractDataMapper">
		<property name="mapperInterface"
			value="com.gamebean.football.mapper.data.PositionMapper" />
	</bean>
	<!-- <bean id="vipDataMapper" class="org.mybatis.spring.mapper.MapperFactoryBean"
		parent="abstractDataMapper">
		<property name="mapperInterface"
			value="com.gamebean.football.mapper.data.VipDataMapper" />
	</bean> -->

	<bean id="keyWordsDataMapper" class="org.mybatis.spring.mapper.MapperFactoryBean"
		parent="abstractDataMapper">

		<property name="mapperInterface"
			value="com.gamebean.football.mapper.data.KeyWordsDataMapper" />
	</bean>

	<!-- \\\\\\\\\\\\\\\\\\\\\\\\\\\\\\\\\\\\\\\\\\ service bean \\\\\\\\\\\\\\\\\\\\\\\\\\\\\\\\\\\\\\\\\ -->

	<!-- <bean id="memberDataService" class="com.gamebean.football.service.data.MemberDataService"
		init-method="init">

		<property name="memberDataMapper" ref="memberDataMapper" />
	</bean>

	<bean id="buildingDataService" class="com.gamebean.football.service.data.BuildingDataService"
		init-method="init">

		<property name="buildingDataMapper" ref="buildingDataMapper" />
	</bean>

	<bean id="upShiliDataService" class="com.gamebean.football.service.data.UpShiliDataService"
		init-method="init">

		<property name="upShiliDataMapper" ref="upShiliDataMapper" />
	</bean>


	<bean id="levelInfoService" class="com.gamebean.football.service.data.LevelInfoService"
		init-method="init">

		<property name="levelInfoMapper" ref="levelInfoMapper" />
	</bean>

	<bean id="gradeInfoService" class="com.gamebean.football.service.data.GradeInfoService"
		init-method="init">

		<property name="gradeInfoMapper" ref="gradeInfoMapper" />
	</bean>

	<bean id="memberPotentialService"
		class="com.gamebean.football.service.data.MemberPotentialService"
		init-method="init">

		<property name="memberPotentialMapper" ref="memberPotentialMapper" />
	</bean>

	<bean id="npcMemberService" class="com.gamebean.football.service.data.NpcMemberService">

		<property name="npcMemberMapper" ref="npcMemberMapper" />
	</bean>

	<bean id="npcFormationService" class="com.gamebean.football.service.data.NpcFormationService"
		init-method="init">

		<property name="npcFormationMapper" ref="npcFormationMapper" />
	</bean>

	<bean id="npcService" class="com.gamebean.football.service.data.NpcService"
		init-method="init">

		<property name="npcMapper" ref="npcMapper" />
	</bean>

	<bean id="technicService" class="com.gamebean.football.service.data.TechnicService">

		<property name="tacticsTemplateMapper" ref="tacticsTemplateMapper" />

		<property name="tacticsDataMapper" ref="tacticsDataMapper" />

		<property name="formationDataMapper" ref="formationDataMapper" />

		<property name="abilityDataMapper" ref="abilityDataMapper" />

		<property name="abilityTemplateMapper" ref="abilityTemplateMapper" />
	</bean>

	<bean id="skillTemplateService" class="com.gamebean.football.service.data.SkillTemplateService"
		init-method="init">

		<property name="skillTemplateMapper" ref="skillTemplateMapper" />
	</bean>

	<bean id="npcSkillService" class="com.gamebean.football.service.data.NpcSkillService"
		init-method="init">

		<property name="npcSkillMapper" ref="npcSkillMapper" />
	</bean>
	<bean id="tipsService" class="com.gamebean.football.service.data.TipsService"
		init-method="init">

		<property name="tipsMapper" ref="tipsMapper" />
	</bean>

	<bean id="skillDataService" class="com.gamebean.football.service.data.SkillDataService"
		init-method="init">

		<property name="skillDataMapper" ref="skillDataMapper" />
	</bean>

	<bean id="buildingService" class="com.gamebean.football.service.data.BuildingService"
		init-method="init">

		<property name="buildingMapper" ref="buildingMapper" />
	</bean>

	<bean id="matchActService" class="com.gamebean.football.service.match.MatchActService">

		<property name="matchActMapper" ref="matchActMapper" />

		<property name="matchOutsideMapper" ref="matchOutsideMapper" />

		<property name="matchFoulMapper" ref="matchFoulMapper" />
	</bean>

	<bean id="matchFormationInfoService"
		class="com.gamebean.football.service.match.MatchFormationInfoService"
		init-method="init">

		<property name="matchFormationInfoMapper" ref="matchFormationInfoMapper" />
	</bean>
	<bean id="formationTemplateService"
		class="com.gamebean.football.service.data.FormationTemplateService"
		init-method="init">

		<property name="formationTemplateMapper" ref="formationTemplateMapper" />
	</bean>

	<bean id="shopService" class="com.gamebean.football.service.shop.ShopService"
		init-method="init">

		<property name="shopMapper" ref="shopMapper" />

		<property name="shopGoodsMapper" ref="shopGoodsMapper" />

		<property name="itemService" ref="itemService" />
	</bean>


	<bean id="roleManagerMissionService"
		class="com.gamebean.football.service.mission.RoleManagerMissionService">

		<property name="roleMissionMapper" ref="roleMissionMapper" />
	</bean>

	<bean id="matchDescService" class="com.gamebean.football.service.match.MatchDescService"
		init-method="init">

		<property name="matchDescMapper" ref="matchDescMapper" />
	</bean>

	<bean id="roleCacheService" class="com.gamebean.football.service.comm.RoleCacheService"
		init-method="init">
	</bean>

	<bean id="matchAnimationService"
		class="com.gamebean.football.service.match.MatchAnimationService"
		init-method="init">

		<property name="matchAnimationMapper" ref="matchAnimationMapper" />
	</bean>

	<bean id="strengthenInfoService"
		class="com.gamebean.football.service.data.StrengthenInfoService"
		init-method="init">

		<property name="strengthenInfoMapper" ref="strengthenInfoMapper" />
	</bean>

	<bean id="achievementService" class="com.gamebean.football.service.data.AchievementService">

		<property name="achievementMapper" ref="achievementMapper" />
	</bean>

	<bean id="combineInfoService" class="com.gamebean.football.service.data.CombineInfoService"
		init-method="init">

		<property name="combineInfoMapper" ref="combineInfoMapper" />
	</bean>

	<bean id="suitInfoService" class="com.gamebean.football.service.data.SuitInfoService"
		init-method="init">

		<property name="suitInfoMapper" ref="suitInfoMapper" />
	</bean>

	<bean id="advertisementService" class="com.gamebean.football.service.data.AdvertisementService"
		init-method="init">

		<property name="advertisementMapper" ref="advertisementMapper" />
	</bean>

	<bean id="renownGiftService" class="com.gamebean.football.service.data.RenownGiftService">

		<property name="renownGiftMapper" ref="renownGiftMapper" />
	</bean>

	<bean id="boxService" autowire="byName" class="com.gamebean.football.service.data.BoxService" 
		destroy-method="stop" init-method="start"> </bean>

	<bean id="fameGiftService" class="com.gamebean.football.service.data.FameGiftService">

		<property name="fameGiftMapper" ref="fameGiftMapper" />
	</bean>

	<bean id="realMemberService" class="com.gamebean.football.service.data.RealMemberService">

		<property name="realMemberMapper" ref="realMemberMapper" />
	</bean>

	<bean id="avatarTemplateService"
		class="com.gamebean.football.service.data.AvatarTemplateService"
		init-method="init">

		<property name="avatarTemplateMapper" ref="avatarTemplateMapper" />
	</bean>

	<bean id="avatarInfoService" class="com.gamebean.football.service.data.AvatarInfoService"
		init-method="init">

		<property name="avatarInfoMapper" ref="avatarInfoMapper" />
	</bean>

	<bean id="positionService" class="com.gamebean.football.service.data.PositionService">
		<property name="positionMapper" ref="positionMapper" />
	</bean>
	<bean id="vipService" autowire="byName"
		class="com.gamebean.football.service.data.VipService" destroy-method="stop"
		init-method="start">
	</bean>

	<bean id="keyWordsManagerService"
		class="com.gamebean.football.service.keywords.KeyWordsManagerService">
		<property name="keyWordsDataMapper" ref="keyWordsDataMapper" />
	</bean>-->
</beans>