<?xml version="1.0" encoding="UTF-8"?>
<beans xmlns="http://www.springframework.org/schema/beans"
	xmlns:xsi="http://www.w3.org/2001/XMLSchema-instance" xmlns:aop="http://www.springframework.org/schema/aop"
	xmlns:tx="http://www.springframework.org/schema/tx" xmlns:jdbc="http://www.springframework.org/schema/jdbc"
	xmlns:context="http://www.springframework.org/schema/context"
	xsi:schemaLocation="       
      http://www.springframework.org/schema/context http://www.springframework.org/schema/context/spring-context-3.0.xsd       
      http://www.springframework.org/schema/beans http://www.springframework.org/schema/beans/spring-beans-3.0.xsd       
      http://www.springframework.org/schema/jdbc http://www.springframework.org/schema/jdbc/spring-jdbc-3.0.xsd       
      http://www.springframework.org/schema/tx http://www.springframework.org/schema/tx/spring-tx-3.0.xsd       
      http://www.springframework.org/schema/aop http://www.springframework.org/schema/aop/spring-aop-3.0.xsd">

	<bean id="role.dataSource" class="org.springframework.jndi.JndiObjectFactoryBean"  >
		<property name="jndiName">
	    	<value>role.dataSource</value>
		</property>
	</bean>

	<bean id="role.transactionManager"
		class="org.springframework.jdbc.datasource.DataSourceTransactionManager">
		<property name="dataSource" ref="role.dataSource" />
	</bean>

	<bean id="role.sqlSessionFactory" class="org.mybatis.spring.SqlSessionFactoryBean">
		<property name="configLocation"
			value="classpath:com/gamebean/football/mapper/role_mybatis_config.xml" />
		<property name="dataSource" ref="role.dataSource" />
	</bean>
	<bean class="org.mybatis.spring.mapper.MapperScannerConfigurer">
		<property name="basePackage" value="com.gamebean" />
		<property name="annotationClass"
			value="com.gamebean.football.mapper.annotation.RoleDatabase"></property>
		<property name="sqlSessionFactoryBeanName" value="role.sqlSessionFactory" />
	</bean>
	<bean id="abstractRoleMapper" abstract="true">
		<property name="sqlSessionFactory">
			<ref bean="role.sqlSessionFactory" />
		</property>
	</bean>
	<!-- mapper bean -->
	<!-- 
	<bean id="roleMapper" class="org.mybatis.spring.mapper.MapperFactoryBean"
		parent="abstractRoleMapper">
		<property name="mapperInterface" value="com.gamebean.football.mapper.role.RoleMapper" />
	</bean>
	 -->
	<bean id="roleEquipMapper" class="org.mybatis.spring.mapper.MapperFactoryBean"
		parent="abstractRoleMapper">
		<property name="mapperInterface"
			value="com.gamebean.football.mapper.role.RoleEquipMapper" />
	</bean>
	<bean id="roleFashionEquipMapper" class="org.mybatis.spring.mapper.MapperFactoryBean"
		parent="abstractRoleMapper">
		<property name="mapperInterface"
			value="com.gamebean.football.mapper.role.RoleFashionEquipMapper" />
	</bean>

	<bean id="roleGemMapper" class="org.mybatis.spring.mapper.MapperFactoryBean"
		parent="abstractRoleMapper">
		<property name="mapperInterface"
			value="com.gamebean.football.mapper.role.RoleGemMapper" />
	</bean>
	<bean id="roleSundriesMapper" class="org.mybatis.spring.mapper.MapperFactoryBean"
		parent="abstractRoleMapper">
		<property name="mapperInterface"
			value="com.gamebean.football.mapper.role.RoleSundriesMapper" />
	</bean>
	<bean id="roleBuildingMapper" class="org.mybatis.spring.mapper.MapperFactoryBean"
		parent="abstractRoleMapper">
		<property name="mapperInterface"
			value="com.gamebean.football.mapper.role.RoleBuildingMapper" />
	</bean>
	<bean id="roleAbilityMapper" class="org.mybatis.spring.mapper.MapperFactoryBean"
		parent="abstractRoleMapper">
		<property name="mapperInterface"
			value="com.gamebean.football.mapper.role.RoleAbilityMapper" />
	</bean>
	<bean id="roleFormationMapper" class="org.mybatis.spring.mapper.MapperFactoryBean"
		parent="abstractRoleMapper">
		<property name="mapperInterface"
			value="com.gamebean.football.mapper.role.RoleFormationMapper" />
	</bean>

	<bean id="roleSkillMapper" class="org.mybatis.spring.mapper.MapperFactoryBean"
		parent="abstractRoleMapper">
		<property name="mapperInterface"
			value="com.gamebean.football.mapper.role.RoleSkillMapper" />
	</bean>
	<bean id="roleMemberMapper" class="org.mybatis.spring.mapper.MapperFactoryBean"
		parent="abstractRoleMapper">
		<property name="mapperInterface"
			value="com.gamebean.football.mapper.role.RoleMemberMapper" />
	</bean>
	<bean id="roleMailMapper" class="org.mybatis.spring.mapper.MapperFactoryBean"
		parent="abstractRoleMapper">
		<property name="mapperInterface"
			value="com.gamebean.football.mapper.role.RoleMailMapper" />
	</bean>
	<bean id="roleFriendMapper" class="org.mybatis.spring.mapper.MapperFactoryBean"
		parent="abstractRoleMapper">
		<property name="mapperInterface"
			value="com.gamebean.football.mapper.role.RoleFriendMapper" />
	</bean>
	<bean id="roleMissionMapper" class="org.mybatis.spring.mapper.MapperFactoryBean"
		parent="abstractRoleMapper">
		<property name="mapperInterface"
			value="com.gamebean.football.mapper.role.RoleMissionMapper" />
	</bean>

	<bean id="roleColdTimeMapper" class="org.mybatis.spring.mapper.MapperFactoryBean"
		parent="abstractRoleMapper">
		<property name="mapperInterface"
			value="com.gamebean.football.mapper.role.RoleColdTimeMapper" />
	</bean>

	<bean id="roleTowerRecordMapper" class="org.mybatis.spring.mapper.MapperFactoryBean"
		parent="abstractRoleMapper">
		<property name="mapperInterface"
			value="com.gamebean.football.mapper.role.RoleTowerRecordMapper" />
	</bean>

	<bean id="roleTacticsMapper" class="org.mybatis.spring.mapper.MapperFactoryBean"
		parent="abstractRoleMapper">
		<property name="mapperInterface"
			value="com.gamebean.football.mapper.role.RoleTacticsMapper" />
	</bean>

	<bean id="roleStarRecordMapper" class="org.mybatis.spring.mapper.MapperFactoryBean"
		parent="abstractRoleMapper">
		<property name="mapperInterface"
			value="com.gamebean.football.mapper.role.RoleStarRecordMapper" />
	</bean>

	<bean id="roleAchievementMapper" class="org.mybatis.spring.mapper.MapperFactoryBean"
		parent="abstractRoleMapper">
		<property name="mapperInterface"
			value="com.gamebean.football.mapper.role.RoleAchievementMapper" />
	</bean>

	<!-- <bean id="rolePvpInfoMapper" class="org.mybatis.spring.mapper.MapperFactoryBean"
		parent="abstractRoleMapper">
		<property name="mapperInterface"
			value="com.gamebean.football.mapper.role.RolePvpInfoMapper" />
	</bean>

	<bean id="rolePvpResultMapper" class="org.mybatis.spring.mapper.MapperFactoryBean"
		parent="abstractRoleMapper">
		<property name="mapperInterface"
			value="com.gamebean.football.mapper.role.RolePvpResultMapper" />
	</bean> -->

	<bean id="roleAdvertisementMapper" class="org.mybatis.spring.mapper.MapperFactoryBean"
		parent="abstractRoleMapper">
		<property name="mapperInterface"
			value="com.gamebean.football.mapper.role.RoleAdvertisementMapper" />
	</bean>

	<!-- service bean -->
	<!-- <bean id="roleService" class="com.gamebean.football.service.role.RoleService">
		<property name="roleMapper" ref="roleMapper" />
	</bean>
	<bean id="roleMatchReportService"
		class="com.gamebean.football.service.match.report.RoleMatchReportService">
	</bean>
	<bean id="rankService" class="com.gamebean.football.service.rank.RankService"
		init-method="init">
		<property name="roleMapper" ref="roleMapper" />
	</bean> -->
</beans>