<?xml version="1.0" encoding="UTF-8"?>
<beans xmlns="http://www.springframework.org/schema/beans"
	xmlns:xsi="http://www.w3.org/2001/XMLSchema-instance" xmlns:aop="http://www.springframework.org/schema/aop"
	xmlns:tx="http://www.springframework.org/schema/tx" xmlns:jdbc="http://www.springframework.org/schema/jdbc"
	xmlns:context="http://www.springframework.org/schema/context"
	xsi:schemaLocation="       
      http://www.springframework.org/schema/context http://www.springframework.org/schema/context/spring-context-3.0.xsd       
      http://www.springframework.org/schema/beans http://www.springframework.org/schema/beans/spring-beans-3.0.xsd       
      http://www.springframework.org/schema/jdbc http://www.springframework.org/schema/jdbc/spring-jdbc-3.0.xsd       
      http://www.springframework.org/schema/tx http://www.springframework.org/schema/tx/spring-tx-3.0.xsd       
      http://www.springframework.org/schema/aop http://www.springframework.org/schema/aop/spring-aop-3.0.xsd">

	<bean id="wo.business.dataSource" class="org.springframework.jndi.JndiObjectFactoryBean"  >
		<property name="jndiName">
	    	<value>wo.business.dataSource</value>
		</property>
	</bean>
	
	<bean id="wo.business.sqlSessionFactory" class="org.mybatis.spring.SqlSessionFactoryBean">
	<property name="dataSource" ref="wo.business.dataSource" />
	</bean>
	
	<bean class="org.mybatis.spring.mapper.MapperScannerConfigurer">
		<property name="basePackage" value="com.gamebean.football" />
		<property name="annotationClass"
			value="com.gamebean.football.mapper.annotation.WobusinessDatabase"></property>
		<property name="sqlSessionFactoryBeanName" value="wo.business.sqlSessionFactory" />
	</bean>
	
</beans>