<?xml version="1.0"?>
<!DOCTYPE hibernate-mapping PUBLIC
        "-//Hibernate/Hibernate Mapping DTD 3.0//EN"
        "http://www.hibernate.org/dtd/hibernate-mapping-3.0.dtd">

<hibernate-mapping package="com.gamedo.gameServer.entity.player">
    <class name="PlayerGirl" table="playerGirl" dynamic-insert="true" dynamic-update="true">
        <id name="id" column="id">
            <generator class="native"/>
        </id>
        <property name="playerId" type="int"/>
        <property name="girlId" type="int"/>
        <property name="level" type="int" />
        <property name="exp" type="int" />
        <property name="conditionState" type="string" />
        <property name="status" type="int" />
        <property name="styleValue" type="string" />
    </class>
	
</hibernate-mapping>