<?xml version="1.0"?>
<!DOCTYPE hibernate-mapping PUBLIC
        "-//Hibernate/Hibernate Mapping DTD 3.0//EN"
        "http://www.hibernate.org/dtd/hibernate-mapping-3.0.dtd">

<hibernate-mapping package="com.gamedo.gameServer.entity.player">
    <class name="Player" table="player" dynamic-insert="true" dynamic-update="true">
        <id name="id" column="id">
            <generator class="native"/>
        </id>
        <property name="name" type="string"/>
        <property name="userName" type="string"/>
        <property name="level" type="int"/>
        <property name="avatarUrl" type="string"/>
        <property name="iconId" type="int"/>
        <property name="exp" type="java.lang.Integer">
        	<column name="exp" default="0"/>
        </property>
        <property name="money" type="java.lang.Integer">
        	<column name="money" default="0"/>
        </property>
        <property name="gold" type="java.lang.Integer">
        	<column name="gold" default="0"/>
        </property>
        <property name="tili" type="int"/>
        <property name="channelId" type="string"/>
        <property name="subChannelId" type="string"/>
        <property name="createTime" type="timestamp"/>
        <property name="lastLoginTime" type="timestamp"/>
        <property name="lastLogoutTime" type="timestamp"/>
        <property name="pool" type="com.gamedo.gameServer.db.player.PropertyPoolType" />
        <property name="bags" column="bags" type="com.gamedo.gameServer.db.player.BagsUserType" />
        <property name="achivements" column="achivements" type="com.gamedo.gameServer.entity.achievement.AchievementUserType" />
        <property name="achieveValue" type="java.lang.Integer">
        	<column name="achieveValue" default="0"/>
        </property>
        <property name="registIp" type="string"/>
        <property name="lastLoginIp" type="string"/>
        <property name="state" type="java.lang.Integer">
        	<column name="state" default="0"/>
        </property>
        <property name="stateCdTime" type="timestamp"/>
        <property name="totalLoginCounts" type="java.lang.Integer">
        	<column name="totalLoginCounts" default="0"/>
        </property>
        <property name="guideStep" type="java.lang.Integer">
        	<column name="guideStep" default="0"/>
        </property>
        <property name="playerType" type="java.lang.Integer">
        	<column name="playerType" default="1"/>
        </property>
        <property name="girlId" type="java.lang.Integer">
        	<column name="girlId" default="0"/>
        </property>
        <property name="activityCoin" type="java.lang.Integer">
        	<column name="activityCoin" default="0"/>
        </property>
    </class>
	
</hibernate-mapping>