<?xml version="1.0"?>
<!DOCTYPE hibernate-mapping PUBLIC
        "-//Hibernate/Hibernate Mapping DTD 3.0//EN"
        "http://www.hibernate.org/dtd/hibernate-mapping-3.0.dtd"
        >

<hibernate-mapping package="com.gamedo.gameServer.entity.mail">
    <class name="GmMail" table="gmMail" dynamic-insert="true" dynamic-update="true">
        <id name="id" column="id">
            <generator class="native"/>
        </id>
        <property name="title" type="string"/>
        <property name="content" type="string"/>
        <property name="attachments" type="com.gamedo.gameServer.entity.mail.MailAttachmentsUserType"/>
        <property name="date" type="timestamp"/>
        <property name="name" type="string"/>
    </class>
	
</hibernate-mapping>