<?xml version="1.0"?>
<!DOCTYPE hibernate-mapping PUBLIC
        "-//Hibernate/Hibernate Mapping DTD 3.0//EN"
        "http://www.hibernate.org/dtd/hibernate-mapping-3.0.dtd"
        >

<hibernate-mapping package="com.gamedo.gameServer.entity.mail">
    <class name="Mail" table="mail" dynamic-insert="true" dynamic-update="true">
        <id name="id" column="id">
            <generator class="native"/>
        </id>
        <property name="playerId" type="int"/>
        <property name="sourceId" type="int"/>
        <property name="sendName" type="string"/>
        <property name="title" type="string"/>
        <property name="content" type="string"/>
        <property name="postTime" type="timestamp"/>
        <property name="expirationTime" type="timestamp"/>
        <property name="attachments" type="com.gamedo.gameServer.entity.mail.MailAttachmentsUserType"/>
        <property name="status" type="java.lang.Integer">
        	<column name="status" default="0"/>
        </property>
        <property name="receivedAttach" type="java.lang.Integer">
        	<column name="receivedAttach" default="0"/>
        </property>
    </class>
	
</hibernate-mapping>