<?xml version="1.0"?>
<!DOCTYPE hibernate-mapping PUBLIC
        "-//Hibernate/Hibernate Mapping DTD 3.0//EN"
        "http://www.hibernate.org/dtd/hibernate-mapping-3.0.dtd"
        >

<hibernate-mapping package="com.gamedo.gameServer.entity.dailymission">
    <class name="PlayerActive" table="playeractive" dynamic-insert="true" dynamic-update="true">
        <id name="id" column="id">
            <generator class="native"/>
        </id>
        <property name="playerId" type="int"/>
        <property name="dailyActiveValue" type="int"/>
        <property name="weekActiveValue" type="int"/>
        <property name="dailyRewards" type="string"/>
        <property name="weekRewards" type="string"/>
        <property name="dayRefresh" type="timestamp"/>
         <property name="weekRefresh" type="timestamp"/>
        <property name="createTime" type="timestamp"/>
    </class>
	
</hibernate-mapping>