<?xml version="1.0" encoding="utf-8"?>
<!DOCTYPE urlrewrite PUBLIC "-//tuckey.org//DTD UrlRewrite 3.0//EN" "http://tuckey.org/res/dtds/urlrewrite3.0.dtd">
<urlrewrite default-match-type="wildcard">
	<rule>
		<from>/images/**</from>
		<to>/images/$1</to>
	</rule>

	<rule>
		<from>/css/**</from>
		<to>/css/$1</to>
	</rule>
	<rule>
		<from>/js/**</from>
		<to>/js/$1</to>
	</rule>

	<rule>
		<from>/common/**</from>
		<to>/common/$1</to>
	</rule>
	<rule>
		<from>/classes/**</from>
		<to>/classes/$1</to>
	</rule>

	<rule>
		<from>/static/**</from>
		<to>/static/$1</to>
	</rule>

	<rule>
		<from>/**</from>
		<to>/app/$1</to>
	</rule>

	<outbound-rule>
		<from>/app/**</from>
		<to>/$1</to>
	</outbound-rule>
</urlrewrite>
